date,time,race,type,race perceived prior,experience,location,sunsettime,dusktime,mins_sunset,mins_dusk,mins_stop_time,mins_before_dusk,itp,dark,neighborhood,zip,coords,gmap address
,,,,,,,,,,,,,,,,94939,,
,,,,,,,,,,,,,,,United States,94965,"41.3632465, -123.9894411","US-101, United States"
,,,,,,,,,,,,,,,United States,94965,"41.3632465, -123.9894411","US-101, United States"
,,,,,,,,,,,,,,,United States,94965,"41.3632465, -123.9894411","US-101, United States"
,,,,,,,,,,,,,,,United States,94965,"41.3632465, -123.9894411","US-101, United States"
,,,,,,,,,,,,,,,Bunkie,94939,"30.9542005, -92.18976119999999","S Knoll Ave & N Knoll Ave, Bunkie, LA 71322, USA"
,,,,,,,,,,,,,,,United States,94965,"41.3632465, -123.9894411","US-101, United States"
,,,,,,,,,,,,,,,United States,94965,"41.3632465, -123.9894411","US-101, United States"
,,,,,,,,,,,,,,,United States,94965,"41.3632465, -123.9894411","US-101, United States"
,,,,,,,,,,,,,,,United States,94965,"41.3632465, -123.9894411","US-101, United States"
,,,,,,,,,,,,,,,United States,94965,"41.3632465, -123.9894411","US-101, United States"
,,,,,,,,,,,,,,,United States,94965,"41.3632465, -123.9894411","US-101, United States"
,,,,,,,,,,,,,,,South Knoll Road,94941,"37.90238240000001, -122.5121632","1 S Knoll Rd, Mill Valley, CA 94941, USA"
,,,,,,,,,,,,,,,Bridge Way,94960,"37.9758474, -122.5770926","1 Bridge Way, San Anselmo, CA 94960, USA"
,,,,,,,,,,,,,,,Gate 6 Road,94965,"37.8733515, -122.5064931","1 Gate 6 Rd, Sausalito, CA 94965, USA"
,,,,,,,,,,,,,,,Gate 6 Road,94965,"37.8733515, -122.5064931","1 Gate 6 Rd, Sausalito, CA 94965, USA"
,,,,,,,,,,,,,,,Gate 6 Road,94965,"37.8733515, -122.5064931","1 Gate 6 Rd, Sausalito, CA 94965, USA"
,,,,,,,,,,,,,,,Gate 6 Road,94965,"37.8733515, -122.5064931","1 Gate 6 Rd, Sausalito, CA 94965, USA"
,,,,,,,,,,,,,,,Marin County,94903,"38.0359765, -122.5655549","Lucas Valley-Marinwood, CA 94903, USA"
,,,,,,,,,,,,,,,,94939,,
,,,,,,,,,,,,,,,Gate 6 Road,94965,"37.8733515, -122.5064931","1 Gate 6 Rd, Sausalito, CA 94965, USA"
,,,,,,,,,,,,,,,Gate 6 Road,94965,"37.8733515, -122.5064931","1 Gate 6 Rd, Sausalito, CA 94965, USA"
,,,,,,,,,,,,,,,Marin County,94965,"37.874236, -122.5046854","Gate 6 Rd, California 94965, USA"
,,,,,,,,,,,,,,,,94939,,
,,,,,,,,,,,,,,,,94939,,
,,,,,,,,,,,,,,,Peter Behr Drive,94903,"37.99716, -122.5310071","10 Peter Behr Dr, San Rafael, CA 94903, USA"
,,,,,,,,,,,,,,,Peter Behr Drive,94903,"37.99716, -122.5310071","10 Peter Behr Dr, San Rafael, CA 94903, USA"
,,,,,,,,,,,,,,,Tiburon Boulevard,94941,"37.9021034, -122.5126427","10 Tiburon Blvd, Mill Valley, CA 94941, USA"
,,,,,,,,,,,,,,,Avenue of the Flags,94903,"38.0024705, -122.5334855","10 Ave of the Flags, San Rafael, CA 94903, USA"
,,,,,,,,,,,,,,,Gate 6 Road,94965,"37.8726961, -122.5055777","10 Gate 6 Rd, Sausalito, CA 94965, USA"
,,,,,,,,,,,,,,,,94939,,
,,,,,,,,,,,,,,,Atherton Avenue,94945,"38.1057185, -122.5152489","100 Atherton Ave, Novato, CA 94945, USA"
,,,,,,,,,,,,,,,Atherton Avenue,94945,"38.1057185, -122.5152489","100 Atherton Ave, Novato, CA 94945, USA"
,,,,,,,,,,,,,,,Avenue of the Flags,94903,"38.0040604, -122.5315583","100 Ave of the Flags, San Rafael, CA 94903, USA"
,,,,,,,,,,,,,,,Bel Marin Keys Boulevard,94949,"38.0676083, -122.5360087","100 Bel Marin Keys Blvd, Novato, CA 94949, USA"
,,,,,,,,,,,,,,,Bel Marin Keys Boulevard,94949,"38.0676083, -122.5360087","100 Bel Marin Keys Blvd, Novato, CA 94949, USA"
,,,,,,,,,,,,,,,Marin County,94945,"38.1287721, -122.5633","Binford Rd, California 94945, USA"
,,,,,,,,,,,,,,,Marinwood Avenue,94903,"38.0330081, -122.5403898","100 Marinwood Ave, San Rafael, CA 94903, USA"
,,,,,,,,,,,,,,,United States,94965,"41.3632465, -123.9894411","US-101, United States"
,,,,,,,,,,,,,,,Donahue Street,94965,"37.8718777, -122.5091403","100 Donahue St, Sausalito, CA 94965, USA"
,,,,,,,,,,,,,,,Donahue Street,94965,"37.8718777, -122.5091403","100 Donahue St, Sausalito, CA 94965, USA"
,,,,,,,,,,,,,,,Donahue Street,94965,"37.8718777, -122.5091403","100 Donahue St, Sausalito, CA 94965, USA"
,,,,,,,,,,,,,,,Donahue Street,94965,"37.8718777, -122.5091403","100 Donahue St, Sausalito, CA 94965, USA"
,,,,,,,,,,,,,,,Donahue Street,94965,"37.8718777, -122.5091403","100 Donahue St, Sausalito, CA 94965, USA"
,,,,,,,,,,,,,,,Donahue Street,94965,"37.8718777, -122.5091403","100 Donahue St, Sausalito, CA 94965, USA"
,,,,,,,,,,,,,,,Donahue Street,94965,"37.8718777, -122.5091403","100 Donahue St, Sausalito, CA 94965, USA"
,,,,,,,,,,,,,,,Donahue Street,94965,"37.8718777, -122.5091403","100 Donahue St, Sausalito, CA 94965, USA"
,,,,,,,,,,,,,,,Donahue Street,94965,"37.8718777, -122.5091403","100 Donahue St, Sausalito, CA 94965, USA"
,,,,,,,,,,,,,,,Drake Avenue,94965,"37.8711864, -122.509223","100 Drake Ave, Sausalito, CA 94965, USA"
,,,,,,,,,,,,,,,Drake Avenue,94965,"37.8711864, -122.509223","100 Drake Ave, Sausalito, CA 94965, USA"
,,,,,,,,,,,,,,,Drake Avenue,94965,"37.8711864, -122.509223","100 Drake Ave, Sausalito, CA 94965, USA"
,,,,,,,,,,,,,,,,94939,,
,,,,,,,,,,,,,,,,94939,,
,,,,,,,,,,,,,,,East Sir Francis Drake Boulevard,94901,"37.9438822, -122.5021365","100 E Sir Francis Drake Blvd, San Rafael, CA 94901, USA"
,,,,,,,,,,,,,,,Ebbtide Avenue,94965,"37.86988059999999, -122.505801","100 Ebbtide Ave, Sausalito, CA 94965, USA"
,,,,,,,,,,,,,,,Eliseo Drive,94904,"37.9477702, -122.5180819","100 Eliseo Dr, Kentfield, CA 94904, USA"
,,,,,,,,,,,,,,,Gate 6 Road,94965,"37.8756757, -122.5053827","100 Gate 6 Rd, Sausalito, CA 94965, USA"
,,,,,,,,,,,,,,,Gate 6 Road,94965,"37.8756757, -122.5053827","100 Gate 6 Rd, Sausalito, CA 94965, USA"
,,,,,,,,,,,,,,,Novato,94920,"38.0689747, -122.5605694","Ignacio Blvd, Novato, CA, USA"
,,,,,,,,,,,,,,,Marinwood Avenue,94903,"38.0330081, -122.5403898","100 Marinwood Ave, San Rafael, CA 94903, USA"
,,,,,,,,,,,,,,,Marinwood Avenue,94903,"38.0330081, -122.5403898","100 Marinwood Ave, San Rafael, CA 94903, USA"
,,,,,,,,,,,,,,,Marinwood Avenue,94903,"38.0330081, -122.5403898","100 Marinwood Ave, San Rafael, CA 94903, USA"
,,,,,,,,,,,,,,,Miller Creek Road,94903,"38.0335055, -122.5365982","100 Miller Creek Rd, San Rafael, CA 94903, USA"
,,,,,,,,,,,,,,,Miller Creek Road,94903,"38.0335055, -122.5365982","100 Miller Creek Rd, San Rafael, CA 94903, USA"
,,,,,,,,,,,,,,,Miller Creek Road,94903,"38.0335055, -122.5365982","100 Miller Creek Rd, San Rafael, CA 94903, USA"
,,,,,,,,,,,,,,,North San Pedro Road,94903,"37.9967339, -122.528302","100 N San Pedro Rd, San Rafael, CA 94903, USA"
,,,,,,,,,,,,,,,North San Pedro Road,94903,"37.9967339, -122.528302","100 N San Pedro Rd, San Rafael, CA 94903, USA"
,,,,,,,,,,,,,,,,94939,,
,,,,,,,,,,,,,,,United States,94965,"41.3632465, -123.9894411","US-101, United States"
,,,,,,,,,,,,,,,Ricardo Road,94941,"37.8985803, -122.5068393","100 Ricardo Rd, Mill Valley, CA 94941, USA"
,,,,,,,,,,,,,,,United States,94965,"41.3632465, -123.9894411","US-101, United States"
,,,,,,,,,,,,,,,United States,94965,"41.3632465, -123.9894411","US-101, United States"
,,,,,,,,,,,,,,,United States,94965,"41.3632465, -123.9894411","US-101, United States"
,,,,,,,,,,,,,,,United States,94965,"41.3632465, -123.9894411","US-101, United States"
,,,,,,,,,,,,,,,United States,94965,"41.3632465, -123.9894411","US-101, United States"
,,,,,,,,,,,,,,,United States,94965,"41.3632465, -123.9894411","US-101, United States"
,,,,,,,,,,,,,,,United States,94965,"41.3632465, -123.9894411","US-101, United States"
,,,,,,,,,,,,,,,United States,94965,"41.3632465, -123.9894411","US-101, United States"
,,,,,,,,,,,,,,,United States,94965,"41.3632465, -123.9894411","US-101, United States"
,,,,,,,,,,,,,,,United States,94965,"41.3632465, -123.9894411","US-101, United States"
,,,,,,,,,,,,,,,United States,94965,"41.3632465, -123.9894411","US-101, United States"
,,,,,,,,,,,,,,,United States,94965,"41.3632465, -123.9894411","US-101, United States"
,,,,,,,,,,,,,,,East Sir Francis Drake Boulevard,94901,"37.9438822, -122.5021365","100 E Sir Francis Drake Blvd, San Rafael, CA 94901, USA"
,,,,,,,,,,,,,,,East Sir Francis Drake Boulevard,94901,"37.9438822, -122.5021365","100 E Sir Francis Drake Blvd, San Rafael, CA 94901, USA"
,,,,,,,,,,,,,,,Strawberry Village,94941,"37.8989312, -122.5146881","100 Strawberry Village, Mill Valley, CA 94941, USA"
,,,,,,,,,,,,,,,Tiburon Boulevard,94941,"37.9020354, -122.5118764","100 Tiburon Blvd, Mill Valley, CA 94941, USA"
,,,,,,,,,,,,,,,Tiburon Boulevard,94941,"37.9020354, -122.5118764","100 Tiburon Blvd, Mill Valley, CA 94941, USA"
,,,,,,,,,,,,,,,Alameda del Prado,94949,"38.0450448, -122.5376395","100 Alameda del Prado, Novato, CA 94949, USA"
,,,,,,,,,,,,,,,,94939,,
,,,,,,,,,,,,,,,,94939,,
,,,,,,,,,,,,,,,,94939,,
,,,,,,,,,,,,,,,,94939,,
,,,,,,,,,,,,,,,Donahue Street,94965,"37.8718777, -122.5091403","100 Donahue St, Sausalito, CA 94965, USA"
,,,,,,,,,,,,,,,East Sir Francis Drake Boulevard,94901,"37.9438822, -122.5021365","100 E Sir Francis Drake Blvd, San Rafael, CA 94901, USA"
,,,,,,,,,,,,,,,East Sir Francis Drake Boulevard,94901,"37.9438822, -122.5021365","100 E Sir Francis Drake Blvd, San Rafael, CA 94901, USA"
,,,,,,,,,,,,,,,East Sir Francis Drake Boulevard,94901,"37.9438822, -122.5021365","100 E Sir Francis Drake Blvd, San Rafael, CA 94901, USA"
,,,,,,,,,,,,,,,East Sir Francis Drake Boulevard,94901,"37.9438822, -122.5021365","100 E Sir Francis Drake Blvd, San Rafael, CA 94901, USA"
,,,,,,,,,,,,,,,United States,94965,"41.3632465, -123.9894411","US-101, United States"
,,,,,,,,,,,,,,,Seminary Drive,94941,"37.8835991, -122.5020409","100 Seminary Dr, Mill Valley, CA 94941, USA"
,,,,,,,,,,,,,,,Seminary Drive,94941,"37.8835991, -122.5020409","100 Seminary Dr, Mill Valley, CA 94941, USA"
,,,,,,,,,,,,,,,United States,94965,"41.3632465, -123.9894411","US-101, United States"
,,,,,,,,,,,,,,,United States,94965,"41.3632465, -123.9894411","US-101, United States"
,,,,,,,,,,,,,,,United States,94965,"41.3632465, -123.9894411","US-101, United States"
,,,,,,,,,,,,,,,United States,94965,"41.3632465, -123.9894411","US-101, United States"
,,,,,,,,,,,,,,,East Sir Francis Drake Boulevard,94901,"37.9438822, -122.5021365","100 E Sir Francis Drake Blvd, San Rafael, CA 94901, USA"
,,,,,,,,,,,,,,,East Sir Francis Drake Boulevard,94901,"37.9438822, -122.5021365","100 E Sir Francis Drake Blvd, San Rafael, CA 94901, USA"
,,,,,,,,,,,,,,,East Sir Francis Drake Boulevard,94901,"37.9438822, -122.5021365","100 E Sir Francis Drake Blvd, San Rafael, CA 94901, USA"
,,,,,,,,,,,,,,,Tiburon Boulevard,94941,"37.9020354, -122.5118764","100 Tiburon Blvd, Mill Valley, CA 94941, USA"
,,,,,,,,,,,,,,,Tiburon Boulevard,94941,"37.9020354, -122.5118764","100 Tiburon Blvd, Mill Valley, CA 94941, USA"
,,,,,,,,,,,,,,,Tiburon Boulevard,94941,"37.9020354, -122.5118764","100 Tiburon Blvd, Mill Valley, CA 94941, USA"
,,,,,,,,,,,,,,,Vía La Cumbre,94904,"37.94757180000001, -122.5143566","100 Vía La Cumbre, Greenbrae, CA 94904, USA"
,,,,,,,,,,,,,,,United States,94965,"41.3632465, -123.9894411","US-101, United States"
,,,,,,,,,,,,,,,Nicasio Valley Road,94946,"38.0328611, -122.6711163","1000 Nicasio Valley Rd, Nicasio, CA 94946, USA"
,,,,,,,,,,,,,,,United States,94965,"41.3632465, -123.9894411","US-101, United States"
,,,,,,,,,,,,,,,Los Gamos Drive,94903,"38.0133569, -122.5429241","1000 Los Gamos Dr, San Rafael, CA 94903, USA"
,,,,,,,,,,,,,,,Marin County,94920,"38.1231556, -122.7160784","Pt. Reyes - Petaluma Rd, California, USA"
,,,,,,,,,,,,,,,Marin County,94920,"38.1231556, -122.7160784","Pt. Reyes - Petaluma Rd, California, USA"
,,,,,,,,,,,,,,,United States,94965,"41.3632465, -123.9894411","US-101, United States"
,,,,,,,,,,,,,,,Marin County,94920,"38.1231556, -122.7160784","Pt. Reyes - Petaluma Rd, California, USA"
,,,,,,,,,,,,,,,Marin County,94920,"38.1231556, -122.7160784","Pt. Reyes - Petaluma Rd, California, USA"
,,,,,,,,,,,,,,,United States,94965,"41.3632465, -123.9894411","US-101, United States"
,,,,,,,,,,,,,,,Los Angeles County,94904,"34.0160089, -118.3695699","California's 37th Congressional District, CA, USA"
,,,,,,,,,,,,,,,United States,94965,"41.3632465, -123.9894411","US-101, United States"
,,,,,,,,,,,,,,,United States,94965,"41.3632465, -123.9894411","US-101, United States"
,,,,,,,,,,,,,,,Los Angeles County,94904,"34.0160089, -118.3695699","California's 37th Congressional District, CA, USA"
,,,,,,,,,,,,,,,United States,94965,"41.3632465, -123.9894411","US-101, United States"
,,,,,,,,,,,,,,,Los Angeles County,94904,"34.0160089, -118.3695699","California's 37th Congressional District, CA, USA"
,,,,,,,,,,,,,,,Los Angeles County,94904,"34.0160089, -118.3695699","California's 37th Congressional District, CA, USA"
,,,,,,,,,,,,,,,United States,94965,"41.3632465, -123.9894411","US-101, United States"
,,,,,,,,,,,,,,,United States,94965,"41.3632465, -123.9894411","US-101, United States"
,,,,,,,,,,,,,,,United States,94965,"41.3632465, -123.9894411","US-101, United States"
,,,,,,,,,,,,,,,United States,94965,"41.3632465, -123.9894411","US-101, United States"
,,,,,,,,,,,,,,,United States,94965,"41.3632465, -123.9894411","US-101, United States"
,,,,,,,,,,,,,,,United States,94965,"41.3632465, -123.9894411","US-101, United States"
,,,,,,,,,,,,,,,United States,94965,"41.3632465, -123.9894411","US-101, United States"
,,,,,,,,,,,,,,,United States,94965,"41.3632465, -123.9894411","US-101, United States"
,,,,,,,,,,,,,,,United States,94965,"41.3632465, -123.9894411","US-101, United States"
,,,,,,,,,,,,,,,United States,94965,"41.3632465, -123.9894411","US-101, United States"
,,,,,,,,,,,,,,,United States,94965,"41.3632465, -123.9894411","US-101, United States"
,,,,,,,,,,,,,,,United States,94965,"41.3632465, -123.9894411","US-101, United States"
,,,,,,,,,,,,,,,United States,94965,"41.3632465, -123.9894411","US-101, United States"
,,,,,,,,,,,,,,,United States,94965,"41.3632465, -123.9894411","US-101, United States"
,,,,,,,,,,,,,,,Mueang Nonthaburi District,94939,"13.8658492, 100.4941285","Mueang Nonthaburi District, Nonthaburi 11000, Thailand"
,,,,,,,,,,,,,,,Sir Francis Drake Boulevard,94956,"38.06426, -122.8051807","11100 Sir Francis Drake Blvd, Point Reyes Station, CA 94956, USA"
,,,,,,,,,,,,,,,Point Reyes - Petaluma Road,94946,"38.0905876, -122.7533952","11600 Pt. Reyes - Petaluma Rd, Nicasio, CA 94946, USA"
,,,,,,,,,,,,,,,Point Reyes - Petaluma Road,94946,"38.0905876, -122.7533952","11600 Pt. Reyes - Petaluma Rd, Nicasio, CA 94946, USA"
,,,,,,,,,,,,,,,,94939,,
,,,,,,,,,,,,,,,Point Reyes - Petaluma Road,94946,"38.082652, -122.760562","12000 Pt. Reyes - Petaluma Rd, Nicasio, CA 94946, USA"
,,,,,,,,,,,,,,,United States,94965,"41.3632465, -123.9894411","US-101, United States"
,,,,,,,,,,,,,,,Sonoma County,94920,"38.3771703, -122.6782631","Petaluma Hill Rd, California, USA"
,,,,,,,,,,,,,,,Sonoma County,94920,"38.3771703, -122.6782631","Petaluma Hill Rd, California, USA"
,,,,,,,,,,,,,,,Los Angeles County,94904,"34.0160089, -118.3695699","California's 37th Congressional District, CA, USA"
,,,,,,,,,,,,,,,United States,94965,"41.3632465, -123.9894411","US-101, United States"
,,,,,,,,,,,,,,,,94939,,
,,,,,,,,,,,,,,,Los Angeles County,94904,"34.0160089, -118.3695699","California's 37th Congressional District, CA, USA"
,,,,,,,,,,,,,,,United States,94965,"41.3632465, -123.9894411","US-101, United States"
,,,,,,,,,,,,,,,Greenfield Avenue,94901,"37.9753674, -122.5475489","132 Greenfield Ave, San Rafael, CA 94901, USA"
,,,,,,,,,,,,,,,Sonoma County,94920,"38.232417, -122.6366524","Petaluma, CA, USA"
,,,,,,,,,,,,,,,Sonoma County,94920,"38.232417, -122.6366524","Petaluma, CA, USA"
,,,,,,,,,,,,,,,United States,94965,"41.3632465, -123.9894411","US-101, United States"
,,,,,,,,,,,,,,,United States,94965,"41.3632465, -123.9894411","US-101, United States"
,,,,,,,,,,,,,,,United States,94965,"41.3632465, -123.9894411","US-101, United States"
,,,,,,,,,,,,,,,United States,94965,"41.3632465, -123.9894411","US-101, United States"
,,,,,,,,,,,,,,,United States,94965,"41.3632465, -123.9894411","US-101, United States"
,,,,,,,,,,,,,,,,94939,,
,,,,,,,,,,,,,,,,94939,,
,,,,,,,,,,,,,,,,94939,,
,,,,,,,,,,,,,,,Lucas Valley Road,94903,"38.0255683, -122.5692136","1500 Lucas Valley Rd, San Rafael, CA 94903, USA"
,,,,,,,,,,,,,,,Sir Francis Drake Boulevard,94960,"37.9865784, -122.5769978","1500 Sir Francis Drake Blvd, San Anselmo, CA 94960, USA"
,,,,,,,,,,,,,,,Vendola Drive,94903,"38.0176635, -122.5154852","1500 Vendola Dr, San Rafael, CA 94903, USA"
,,,,,,,,,,,,,,,Donahue Street,94965,"37.8714628, -122.5106738","151 Donahue St, Sausalito, CA 94965, USA"
,,,,,,,,,,,,,,,Los Gamos Drive,94903,"38.0199089, -122.5413399","1600 Los Gamos Dr, San Rafael, CA 94903, USA"
,,,,,,,,,,,,,,,Point Reyes - Petaluma Road,94956,"38.0826613, -122.7811249","16000 Pt. Reyes - Petaluma Rd, Point Reyes Station, CA 94956, USA"
,,,,,,,,,,,,,,,Smith Ranch Road,94903,"38.0199268, -122.5374509","2 Smith Ranch Rd, San Rafael, CA 94903, USA"
,,,,,,,,,,,,,,,Lucky Drive,94904,"37.940611, -122.5171856","20 Lucky Dr, Greenbrae, CA 94904, USA"
,,,,,,,,,,,,,,,Butterfield Road,94960,"37.993941, -122.5761972","200 Butterfield Rd, San Anselmo, CA 94960, USA"
,,,,,,,,,,,,,,,Las Gallinas Avenue,94903,"37.99810850000001, -122.5381138","200 Las Gallinas Ave, San Rafael, CA 94903, USA"
,,,,,,,,,,,,,,,Lucas Valley Road,94903,"38.022676, -122.5415512","200 Lucas Valley Rd, San Rafael, CA 94903, USA"
,,,,,,,,,,,,,,,Miller Creek Road,94903,"38.0329892, -122.5422459","200 Miller Creek Rd, San Rafael, CA 94903, USA"
,,,,,,,,,,,,,,,North San Pedro Road,94903,"37.9996089, -122.5229115","200 N San Pedro Rd, San Rafael, CA 94903, USA"
,,,,,,,,,,,,,,,United States,94965,"41.3632465, -123.9894411","US-101, United States"
,,,,,,,,,,,,,,,United States,94965,"41.3632465, -123.9894411","US-101, United States"
,,,,,,,,,,,,,,,United States,94965,"41.3632465, -123.9894411","US-101, United States"
,,,,,,,,,,,,,,,Vendola Drive,94903,"38.01268700000001, -122.5237717","200 Vendola Dr, San Rafael, CA 94903, USA"
,,,,,,,,,,,,,,,,94939,,
,,,,,,,,,,,,,,,Drake Avenue,94965,"37.8706863, -122.5089885","200 Drake Ave, Sausalito, CA 94965, USA"
,,,,,,,,,,,,,,,,94939,,
,,,,,,,,,,,,,,,United States,94965,"41.3632465, -123.9894411","US-101, United States"
,,,,,,,,,,,,,,,United States,94965,"41.3632465, -123.9894411","US-101, United States"
,,,,,,,,,,,,,,,United States,94965,"41.3632465, -123.9894411","US-101, United States"
,,,,,,,,,,,,,,,United States,94965,"41.3632465, -123.9894411","US-101, United States"
,,,,,,,,,,,,,,,United States,94965,"41.3632465, -123.9894411","US-101, United States"
,,,,,,,,,,,,,,,Elderberry Lane,94903,"38.02622119999999, -122.559622","2000 Elderberry Ln, San Rafael, CA 94903, USA"
,,,,,,,,,,,,,,,United States,94965,"41.3632465, -123.9894411","US-101, United States"
,,,,,,,,,,,,,,,United States,94965,"41.3632465, -123.9894411","US-101, United States"
,,,,,,,,,,,,,,,United States,94965,"41.3632465, -123.9894411","US-101, United States"
,,,,,,,,,,,,,,,Bridgeway,94965,"37.8696212, -122.5024092","2900 Bridgeway, Sausalito, CA 94965, USA"
,,,,,,,,,,,,,,,Sir Francis Drake Boulevard,94930,"38.0004905, -122.6086257","2929 Sir Francis Drake Blvd, Fairfax, CA 94930, USA"
,,,,,,,,,,,,,,,Drake Avenue,94965,"37.8706417, -122.5089744","300 Drake Ave, Sausalito, CA 94965, USA"
,,,,,,,,,,,,,,,Ignacio Boulevard,94949,"38.0662426, -122.5399699","300 Ignacio Blvd, Novato, CA 94949, USA"
,,,,,,,,,,,,,,,Miller Creek Road,94903,"38.0328435, -122.5445086","300 Miller Creek Rd, San Rafael, CA 94903, USA"
,,,,,,,,,,,,,,,North San Pedro Road,94903,"38.0065256, -122.51894","300 N San Pedro Rd, San Rafael, CA 94903, USA"
,,,,,,,,,,,,,,,North San Pedro Road,94903,"38.0065256, -122.51894","300 N San Pedro Rd, San Rafael, CA 94903, USA"
,,,,,,,,,,,,,,,Smith Ranch Road,94903,"38.0253519, -122.5184233","300 Smith Ranch Rd, San Rafael, CA 94903, USA"
,,,,,,,,,,,,,,,Smith Ranch Road,94903,"38.0253519, -122.5184233","300 Smith Ranch Rd, San Rafael, CA 94903, USA"
,,,,,,,,,,,,,,,Strawberry Village,94941,"37.89757669999999, -122.5150361","300 Strawberry Village, Mill Valley, CA 94941, USA"
,,,,,,,,,,,,,,,United States,94965,"41.3632465, -123.9894411","US-101, United States"
,,,,,,,,,,,,,,,Civic Center Drive,94903,"38.0016302, -122.5367593","3000 Civic Center Dr, San Rafael, CA 94903, USA"
,,,,,,,,,,,,,,,Paradise Drive,94920,"37.8880294, -122.4449766","3000 Paradise Dr, Tiburon, CA 94920, USA"
,,,,,,,,,,,,,,,Civic Center Drive,94903,"38.0016302, -122.5367593","3000 Civic Center Dr, San Rafael, CA 94903, USA"
,,,,,,,,,,,,,,,Sir Francis Drake Boulevard,94930,"38.0048976, -122.6143249","3200 Sir Francis Drake Blvd, Fairfax, CA 94930, USA"
,,,,,,,,,,,,,,,Smith Ranch Road,94903,"38.01981370000001, -122.5223696","350 Smith Ranch Rd, San Rafael, CA 94903, USA"
,,,,,,,,,,,,,,,United States,94965,"41.3632465, -123.9894411","US-101, United States"
,,,,,,,,,,,,,,,Civic Center Drive,94903,"38.0016302, -122.5367593","3500 Civic Center Dr, San Rafael, CA 94903, USA"
,,,,,,,,,,,,,,,Civic Center Drive,94903,"38.0016302, -122.5367593","3500 Civic Center Dr, San Rafael, CA 94903, USA"
,,,,,,,,,,,,,,,United States,94965,"41.3632465, -123.9894411","US-101, United States"
,,,,,,,,,,,,,,,United States,94965,"41.3632465, -123.9894411","US-101, United States"
,,,,,,,,,,,,,,,Lucky Drive,94904,"37.9408642, -122.516657","4 Lucky Dr, Greenbrae, CA 94904, USA"
,,,,,,,,,,,,,,,,94939,,
,,,,,,,,,,,,,,,Atherton Avenue,94945,"38.1093053, -122.5310329","400 Atherton Ave, Novato, CA 94945, USA"
,,,,,,,,,,,,,,,Miller Creek Road,94903,"38.0336817, -122.547339","400 Miller Creek Rd, San Rafael, CA 94903, USA"
,,,,,,,,,,,,,,,Sir Francis Drake Boulevard,94904,"37.9470413, -122.5224188","400 Sir Francis Drake Blvd, Kentfield, CA 94904, USA"
,,,,,,,,,,,,,,,Bel Marin Keys Boulevard,94949,"38.0764792, -122.5355823","400 Bel Marin Keys Blvd, Novato, CA 94949, USA"
,,,,,,,,,,,,,,,Bel Marin Keys Boulevard,94949,"38.0764792, -122.5355823","400 Bel Marin Keys Blvd, Novato, CA 94949, USA"
,,,,,,,,,,,,,,,Seminary Drive,94941,"37.8907314, -122.5153702","400 Seminary Dr, Mill Valley, CA 94941, USA"
,,,,,,,,,,,,,,,Marin County,94945,"38.1287721, -122.5633","Binford Rd, California 94945, USA"
,,,,,,,,,,,,,,,Bridgeway,94965,"37.8713432, -122.5035922","4000 Bridgeway, Sausalito, CA 94965, USA"
,,,,,,,,,,,,,,,Bridgeway,94965,"37.8713432, -122.5035922","4000 Bridgeway, Sausalito, CA 94965, USA"
,,,,,,,,,,,,,,,Civic Center Drive,94903,"38.0044896, -122.5382765","4000 Civic Center Dr, San Rafael, CA 94903, USA"
,,,,,,,,,,,,,,,United States,94965,"41.3632465, -123.9894411","US-101, United States"
,,,,,,,,,,,,,,,Cole Drive,94965,"37.8680788, -122.5082169","49 Cole Dr, Sausalito, CA 94965, USA"
,,,,,,,,,,,,,,,Sky Oaks Road,94930,"37.96812790000001, -122.6044726","49 Sky Oaks Rd, Fairfax, CA 94930, USA"
,,,,,,,,,,,,,,,Hathaway Drive,94949,"38.04554710000001, -122.5230083","5 Hathaway Dr, Novato, CA 94949, USA"
,,,,,,,,,,,,,,,Bellam Boulevard,94901,"37.9591184, -122.5055622","50 Bellam Blvd, San Rafael, CA 94901, USA"
,,,,,,,,,,,,,,,United States,94965,"41.3632465, -123.9894411","US-101, United States"
,,,,,,,,,,,,,,,Point San Pedro Road,94901,"37.9737125, -122.4863439","500 Point San Pedro Rd, San Rafael, CA 94901, USA"
,,,,,,,,,,,,,,,United States,94965,"41.3632465, -123.9894411","US-101, United States"
,,,,,,,,,,,,,,,United States,94965,"41.3632465, -123.9894411","US-101, United States"
,,,,,,,,,,,,,,,United States,94965,"41.3632465, -123.9894411","US-101, United States"
,,,,,,,,,,,,,,,United States,94965,"41.3632465, -123.9894411","US-101, United States"
,,,,,,,,,,,,,,,United States,94965,"41.3632465, -123.9894411","US-101, United States"
,,,,,,,,,,,,,,,Seminary Drive,94941,"37.8911103, -122.5159393","500 Seminary Dr, Mill Valley, CA 94941, USA"
,,,,,,,,,,,,,,,United States,94965,"41.3632465, -123.9894411","US-101, United States"
,,,,,,,,,,,,,,,San Rafael,94903,"38.0069433, -122.5398843","Redwood Frontage Rd, San Rafael, CA 94903, USA"
,,,,,,,,,,,,,,,United States,94965,"41.3632465, -123.9894411","US-101, United States"
,,,,,,,,,,,,,,,United States,94965,"41.3632465, -123.9894411","US-101, United States"
,,,,,,,,,,,,,,,,94939,,
,,,,,,,,,,,,,,,Civic Center Drive,94903,"38.0060734, -122.5391524","5000 Civic Center Dr, San Rafael, CA 94903, USA"
,,,,,,,,,,,,,,,Lagunitas-Forest Knolls,94946,"38.0202386, -122.6673428","W Nicasio Rd, Lagunitas-Forest Knolls, CA 94946, USA"
,,,,,,,,,,,,,,,United States,94965,"41.3632465, -123.9894411","US-101, United States"
,,,,,,,,,,,,,,,Northgate Drive,94903,"38.0040214, -122.5453614","5000 Northgate Dr, San Rafael, CA 94903, USA"
,,,,,,,,,,,,,,,United States,94965,"41.3632465, -123.9894411","US-101, United States"
,,,,,,,,,,,,,,,Lagunitas-Forest Knolls,94946,"38.0202386, -122.6673428","W Nicasio Rd, Lagunitas-Forest Knolls, CA 94946, USA"
,,,,,,,,,,,,,,,Nave Drive,94949,"38.0619674, -122.5327219","5700 Nave Dr, Novato, CA 94949, USA"
,,,,,,,,,,,,,,,United States,94965,"41.3632465, -123.9894411","US-101, United States"
,,,,,,,,,,,,,,,United States,94965,"41.3632465, -123.9894411","US-101, United States"
,,,,,,,,,,,,,,,United States,94965,"41.3632465, -123.9894411","US-101, United States"
,,,,,,,,,,,,,,,United States,94965,"41.3632465, -123.9894411","US-101, United States"
,,,,,,,,,,,,,,,Drake Avenue,94965,"37.87105, -122.5132952","600 Drake Ave, Sausalito, CA 94965, USA"
,,,,,,,,,,,,,,,Red Hill Avenue,94960,"37.9769385, -122.5607389","600 Red Hill Ave, San Anselmo, CA 94960, USA"
,,,,,,,,,,,,,,,United States,94965,"41.3632465, -123.9894411","US-101, United States"
,,,,,,,,,,,,,,,United States,94965,"41.3632465, -123.9894411","US-101, United States"
,,,,,,,,,,,,,,,United States,94965,"41.3632465, -123.9894411","US-101, United States"
,,,,,,,,,,,,,,,United States,94965,"41.3632465, -123.9894411","US-101, United States"
,,,,,,,,,,,,,,,Binford Road,94945,"38.1408896, -122.5621914","6000 Binford Rd, Novato, CA 94945, USA"
,,,,,,,,,,,,,,,Nicasio Valley Road,94946,"38.0785539, -122.7102123","6000 Nicasio Valley Rd, Nicasio, CA 94946, USA"
,,,,,,,,,,,,,,,Sir Francis Drake Boulevard,94963,"38.01652170000001, -122.6746507","6350 Sir Francis Drake Blvd, San Geronimo, CA 94963, USA"
,,,,,,,,,,,,,,,Sir Francis Drake Boulevard,94946,"38.0168134, -122.6794339","6400 Sir Francis Drake Blvd, Nicasio, CA 94946, USA"
,,,,,,,,,,,,,,,United States,94965,"41.3632465, -123.9894411","US-101, United States"
,,,,,,,,,,,,,,,United States,94965,"41.3632465, -123.9894411","US-101, United States"
,,,,,,,,,,,,,,,Sir Francis Drake Boulevard,94933,"38.0160797, -122.6863019","6800 Sir Francis Drake Blvd, Forest Knolls, CA 94933, USA"
,,,,,,,,,,,,,,,,94939,,
,,,,,,,,,,,,,,,Appleberry Drive,94903,"38.0269935, -122.556366","700 Appleberry Dr, San Rafael, CA 94903, USA"
,,,,,,,,,,,,,,,Bel Marin Keys Boulevard,94949,"38.0779653, -122.5321943","700 Bel Marin Keys Blvd, Novato, CA 94949, USA"
,,,,,,,,,,,,,,,Bel Marin Keys Boulevard,94949,"38.0779653, -122.5321943","700 Bel Marin Keys Blvd, Novato, CA 94949, USA"
,,,,,,,,,,,,,,,Bel Marin Keys Boulevard,94949,"38.0779653, -122.5321943","700 Bel Marin Keys Blvd, Novato, CA 94949, USA"
,,,,,,,,,,,,,,,Bel Marin Keys Boulevard,94949,"38.0779653, -122.5321943","700 Bel Marin Keys Blvd, Novato, CA 94949, USA"
,,,,,,,,,,,,,,,Miller Avenue,94941,"37.8917143, -122.5292056","700 Miller Ave, Mill Valley, CA 94941, USA"
,,,,,,,,,,,,,,,United States,94965,"41.3632465, -123.9894411","US-101, United States"
,,,,,,,,,,,,,,,United States,94965,"41.3632465, -123.9894411","US-101, United States"
,,,,,,,,,,,,,,,United States,94965,"41.3632465, -123.9894411","US-101, United States"
,,,,,,,,,,,,,,,United States,94965,"41.3632465, -123.9894411","US-101, United States"
,,,,,,,,,,,,,,,Sir Francis Drake Boulevard,94938,"38.0131863, -122.6999447","7200 Sir Francis Drake Blvd, Lagunitas, CA 94938, USA"
,,,,,,,,,,,,,,,Nicasio Valley Road,94946,"38.0814653, -122.7175503","7500 Nicasio Valley Rd, Nicasio, CA 94946, USA"
,,,,,,,,,,,,,,,United States,94965,"41.3632465, -123.9894411","US-101, United States"
,,,,,,,,,,,,,,,United States,94965,"41.3632465, -123.9894411","US-101, United States"
,,,,,,,,,,,,,,,Atherton Avenue,94945,"38.1180553, -122.554458","800 Atherton Ave, Novato, CA 94945, USA"
,,,,,,,,,,,,,,,Bel Marin Keys Boulevard,94949,"38.0788657, -122.528869","800 Bel Marin Keys Blvd, Novato, CA 94949, USA"
,,,,,,,,,,,,,,,Binford Road,94945,"38.1303082, -122.5628606","800 Binford Rd, Novato, CA 94945, USA"
,,,,,,,,,,,,,,,Binford Road,94945,"38.1303082, -122.5628606","800 Binford Rd, Novato, CA 94945, USA"
,,,,,,,,,,,,,,,Binford Road,94945,"38.1303082, -122.5628606","800 Binford Rd, Novato, CA 94945, USA"
,,,,,,,,,,,,,,,College Avenue,94904,"37.9522952, -122.5488083","800 College Ave, Kentfield, CA 94904, USA"
,,,,,,,,,,,,,,,College Avenue,94904,"37.9522952, -122.5488083","800 College Ave, Kentfield, CA 94904, USA"
,,,,,,,,,,,,,,,College Avenue,94904,"37.9522952, -122.5488083","800 College Ave, Kentfield, CA 94904, USA"
,,,,,,,,,,,,,,,United States,94965,"41.3632465, -123.9894411","US-101, United States"
,,,,,,,,,,,,,,,United States,94965,"41.3632465, -123.9894411","US-101, United States"
,,,,,,,,,,,,,,,United States,94965,"41.3632465, -123.9894411","US-101, United States"
,,,,,,,,,,,,,,,United States,94965,"41.3632465, -123.9894411","US-101, United States"
,,,,,,,,,,,,,,,United States,94965,"41.3632465, -123.9894411","US-101, United States"
,,,,,,,,,,,,,,,Sir Francis Drake Boulevard,94960,"37.9790783, -122.5640458","800 Sir Francis Drake Blvd, San Anselmo, CA 94960, USA"
,,,,,,,,,,,,,,,Sir Francis Drake Boulevard,94960,"37.9790783, -122.5640458","800 Sir Francis Drake Blvd, San Anselmo, CA 94960, USA"
,,,,,,,,,,,,,,,United States,94965,"41.3632465, -123.9894411","US-101, United States"
,,,,,,,,,,,,,,,United States,94965,"41.3632465, -123.9894411","US-101, United States"
,,,,,,,,,,,,,,,Binford Road,94945,"38.1408896, -122.5621914","8000 Binford Rd, Novato, CA 94945, USA"
,,,,,,,,,,,,,,,United States,94965,"41.3632465, -123.9894411","US-101, United States"
,,,,,,,,,,,,,,,,94939,,
,,,,,,,,,,,,,,,3340,94939,"36.1118422, -94.14345279999999","3340 N College Ave #5, Fayetteville, AR 72703, USA"
,,,,,,,,,,,,,,,Cole Drive,94965,"37.8682069, -122.5101414","90 Cole Dr, Sausalito, CA 94965, USA"
,,,,,,,,,,,,,,,Northgate Drive,94903,"38.0066834, -122.5454892","900 Northgate Dr, San Rafael, CA 94903, USA"
,,,,,,,,,,,,,,,United States,94965,"41.3632465, -123.9894411","US-101, United States"
,,,,,,,,,,,,,,,Del Presidio Boulevard,94903,"38.00705440000001, -122.5442322","900 Del Presidio Blvd, San Rafael, CA 94903, USA"
,,,,,,,,,,,,,,,,94939,,
,,,,,,,,,,,,,,,East Blithedale Avenue,94941,"37.9032314, -122.5181739","999 E Blithedale Ave, Mill Valley, CA 94941, USA"
,,,,,,,,,,,,,,,Marin County,94949,"38.0551966, -122.5310317","Alameda del Prado, California 94949, USA"
,,,,,,,,,,,,,,,Almonte,94941,"37.8928679, -122.5303895","Miller Ave, Mill Valley, CA 94941, USA"
,,,,,,,,,,,,,,,Marin County,94941,"37.8873441, -122.5254846","Almonte Blvd, California 94941, USA"
,,,,,,,,,,,,,,,Mill Valley,94941,"37.8873597, -122.5248513","Almonte Blvd & Miller Ave, Mill Valley, CA 94941, USA"
,,,,,,,,,,,,,,,San Mateo County,94920,"37.4613272, -122.197743","Atherton, CA, USA"
,,,,,,,,,,,,,,,Yolo County,94920,"38.67851570000001, -121.7732971","Woodland, CA, USA"
,,,,,,,,,,,,,,,San Rafael,94903,"38.0008165, -122.5355229","Civic Center Dr & Ave of the Flags, San Rafael, CA 94903, USA"
,,,,,,,,,,,,,,,United States,94965,"41.3632465, -123.9894411","US-101, United States"
,,,,,,,,,,,,,,,Marin County,94949,"38.0796816, -122.5079557","Bahama Reef, California 94949, USA"
,,,,,,,,,,,,,,,Marin County,94930,"38.0022525, -122.6119741","Sir Francis Drake Blvd & Baywood Canyon Rd, California 94930, USA"
,,,,,,,,,,,,,,,,94939,,
,,,,,,,,,,,,,,,Marin County,94945,"38.1287721, -122.5633","Binford Rd, California 94945, USA"
,,,,,,,,,,,,,,,Marin County,94945,"38.1287721, -122.5633","Binford Rd, California 94945, USA"
,,,,,,,,,,,,,,,Bon Air Center,94904,"37.9469805, -122.526195","50 Bon Air Center, Greenbrae, CA 94904, USA"
,,,,,,,,,,,,,,,Greenbrae,94904,"37.9486438, -122.5139738","Vía La Cumbre, Greenbrae, CA 94904, USA"
,,,,,,,,,,,,,,,Sausalito,94965,"37.8617868, -122.4921424","Bridgeway, Sausalito, CA 94965, USA"
,,,,,,,,,,,,,,,Sausalito,94965,"37.8617868, -122.4921424","Bridgeway, Sausalito, CA 94965, USA"
,,,,,,,,,,,,,,,Sausalito,94965,"37.8617868, -122.4921424","Bridgeway, Sausalito, CA 94965, USA"
,,,,,,,,,,,,,,,,94939,,
,,,,,,,,,,,,,,,Bernalillo County,94920,"35.0680512, -106.7019275","Bridge Blvd SW, New Mexico, USA"
,,,,,,,,,,,,,,,Bernalillo County,94920,"35.0680512, -106.7019275","Bridge Blvd SW, New Mexico, USA"
,,,,,,,,,,,,,,,Bernalillo County,94920,"35.0680512, -106.7019275","Bridge Blvd SW, New Mexico, USA"
,,,,,,,,,,,,,,,Bernalillo County,94920,"35.0680512, -106.7019275","Bridge Blvd SW, New Mexico, USA"
,,,,,,,,,,,,,,,Sausalito,94965,"37.8617868, -122.4921424","Bridgeway, Sausalito, CA 94965, USA"
,,,,,,,,,,,,,,,Sausalito,94965,"37.8617868, -122.4921424","Bridgeway, Sausalito, CA 94965, USA"
,,,,,,,,,,,,,,,Sausalito,94965,"37.8617868, -122.4921424","Bridgeway, Sausalito, CA 94965, USA"
,,,,,,,,,,,,,,,Sausalito,94965,"37.8617868, -122.4921424","Bridgeway, Sausalito, CA 94965, USA"
,,,,,,,,,,,,,,,Sausalito,94965,"37.8617868, -122.4921424","Bridgeway, Sausalito, CA 94965, USA"
,,,,,,,,,,,,,,,Sausalito,94965,"37.8617868, -122.4921424","Bridgeway, Sausalito, CA 94965, USA"
,,,,,,,,,,,,,,,Sausalito,94965,"37.8617868, -122.4921424","Bridgeway, Sausalito, CA 94965, USA"
,,,,,,,,,,,,,,,Sausalito,94965,"37.8617868, -122.4921424","Bridgeway, Sausalito, CA 94965, USA"
,,,,,,,,,,,,,,,,94939,,
,,,,,,,,,,,,,,,Sausalito,94965,"37.8617868, -122.4921424","Bridgeway, Sausalito, CA 94965, USA"
,,,,,,,,,,,,,,,Sausalito,94965,"37.8617868, -122.4921424","Bridgeway, Sausalito, CA 94965, USA"
,,,,,,,,,,,,,,,Sausalito,94965,"37.8617868, -122.4921424","Bridgeway, Sausalito, CA 94965, USA"
,,,,,,,,,,,,,,,,94939,,
,,,,,,,,,,,,,,,Bernalillo County,94920,"35.0680512, -106.7019275","Bridge Blvd SW, New Mexico, USA"
,,,,,,,,,,,,,,,Orange County,94939,"28.5617138, -81.1841366","Bridgeway Blvd, Florida 32828, USA"
,,,,,,,,,,,,,,,Sausalito,94965,"37.8617868, -122.4921424","Bridgeway, Sausalito, CA 94965, USA"
,,,,,,,,,,,,,,,Sausalito,94965,"37.8617868, -122.4921424","Bridgeway, Sausalito, CA 94965, USA"
,,,,,,,,,,,,,,,Sausalito,94965,"37.8617868, -122.4921424","Bridgeway, Sausalito, CA 94965, USA"
,,,,,,,,,,,,,,,Sausalito,94965,"37.8617868, -122.4921424","Bridgeway, Sausalito, CA 94965, USA"
,,,,,,,,,,,,,,,Sausalito,94965,"37.8617868, -122.4921424","Bridgeway, Sausalito, CA 94965, USA"
,,,,,,,,,,,,,,,Sausalito,94965,"37.8617868, -122.4921424","Bridgeway, Sausalito, CA 94965, USA"
,,,,,,,,,,,,,,,Sausalito,94965,"37.8617868, -122.4921424","Bridgeway, Sausalito, CA 94965, USA"
,,,,,,,,,,,,,,,Sausalito,94965,"37.8617868, -122.4921424","Bridgeway, Sausalito, CA 94965, USA"
,,,,,,,,,,,,,,,Sausalito,94965,"37.8652653, -122.4992402","Bridgeway & Nevada St, Sausalito, CA 94965, USA"
,,,,,,,,,,,,,,,Sausalito,94965,"37.8706476, -122.503687","Bridgeway & Ebbtide Ave, Sausalito, CA 94965, USA"
,,,,,,,,,,,,,,,Sausalito,94965,"37.8706476, -122.503687","Bridgeway & Ebbtide Ave, Sausalito, CA 94965, USA"
,,,,,,,,,,,,,,,Sausalito,94965,"37.8684711, -122.5025936","Coloma St & Bridgeway, Sausalito, CA 94965, USA"
,,,,,,,,,,,,,,,Sausalito,94965,"37.8702648, -122.5037425","Bridgeway & Ebbtide St, Sausalito, CA 94965, USA"
,,,,,,,,,,,,,,,Sausalito,94965,"37.8617868, -122.4921424","Bridgeway, Sausalito, CA 94965, USA"
,,,,,,,,,,,,,,,Marin County,94965,"37.8730975, -122.5154466","Drake Ave & Buckelew St, California 94965, USA"
,,,,,,,,,,,,,,,United States,94965,"41.3632465, -123.9894411","US-101, United States"
,,,,,,,,,,,,,,,Stinson Beach,94970,"37.9003658, -122.6449009","Calle del Arroyo & Cll Del Resaca, Stinson Beach, CA 94970, USA"
,,,,,,,,,,,,,,,Marin County,94903,"37.9927782, -122.5385731","Circle Rd & Los Ranchitos Rd, California 94903, USA"
,,,,,,,,,,,,,,,San Rafael,94903,"37.9970638, -122.5289007","Civic Center Dr & Peter Behr Dr, San Rafael, CA 94903, USA"
,,,,,,,,,,,,,,,San Rafael,94903,"38.0016203, -122.5367515","Civic Center Dr & McInnis Pkwy, San Rafael, CA 94903, USA"
,,,,,,,,,,,,,,,San Rafael,94903,"37.9968172, -122.5284069","Civic Center Dr & N San Pedro Rd, San Rafael, CA 94903, USA"
,,,,,,,,,,,,,,,San Rafael,94903,"38.0037946, -122.5385786","Civic Center Dr & Merrydale Rd, San Rafael, CA 94903, USA"
,,,,,,,,,,,,,,,San Rafael,94903,"37.9968172, -122.5284069","Civic Center Dr & N San Pedro Rd, San Rafael, CA 94903, USA"
,,,,,,,,,,,,,,,San Rafael,94903,"37.9992434, -122.5305068","Civic Center Dr & Armory Dr, San Rafael, CA 94903, USA"
,,,,,,,,,,,,,,,San Rafael,94903,"38.0037946, -122.5385786","Civic Center Dr & Merrydale Rd, San Rafael, CA 94903, USA"
,,,,,,,,,,,,,,,Marin County,94965,"37.8691198, -122.5090532","Cole Dr & Drake Ave, California 94965, USA"
,,,,,,,,,,,,,,,Strawberry,94941,"37.887634, -122.5146474","De Silva Island Dr, Strawberry, CA 94941, USA"
,,,,,,,,,,,,,,,Marin County,94965,"37.8734282, -122.5118778","Drake Ave & Donahue St, California 94965, USA"
,,,,,,,,,,,,,,,Marin County,94965,"37.8715616, -122.5106455","Donahue St & Terners Dr, California 94965, USA"
,,,,,,,,,,,,,,,Marin County,94965,"37.8715616, -122.5106455","Donahue St & Terners Dr, California 94965, USA"
,,,,,,,,,,,,,,,Marin County,94965,"37.8737887, -122.5117539","Donahue St, California 94965, USA"
,,,,,,,,,,,,,,,Marin County,94965,"37.8715616, -122.5106455","Donahue St & Terners Dr, California 94965, USA"
,,,,,,,,,,,,,,,Marin County,94965,"37.8715616, -122.5106455","Donahue St & Terners Dr, California 94965, USA"
,,,,,,,,,,,,,,,Marin County,94965,"37.8734282, -122.5118778","Drake Ave & Donahue St, California 94965, USA"
,,,,,,,,,,,,,,,United States,94965,"41.3632465, -123.9894411","US-101, United States"
,,,,,,,,,,,,,,,University Avenue,94939,"41.6030995, -93.6546481","2507 University Ave, Des Moines, IA 50311, USA"
,,,,,,,,,,,,,,,Lagunitas-Forest Knolls,94938,"38.0113535, -122.7023695","Sir Francis Drake Blvd & Lagunitas Rd, Lagunitas-Forest Knolls, CA 94938, USA"
,,,,,,,,,,,,,,,Lagunitas-Forest Knolls,94938,"38.0113535, -122.7023695","Sir Francis Drake Blvd & Lagunitas Rd, Lagunitas-Forest Knolls, CA 94938, USA"
,,,,,,,,,,,,,,,Ross,94957,"37.9595428, -122.5527516","Sir Francis Drake Blvd & Ross Terrace, Ross, CA 94957, USA"
,,,,,,,,,,,,,,,Marin County,94965,"37.8705572, -122.511055","Terners Dr, California 94965, USA"
,,,,,,,,,,,,,,,,94939,,
,,,,,,,,,,,,,,,Marin County,94965,"37.8734282, -122.5118778","Drake Ave & Donahue St, California 94965, USA"
,,,,,,,,,,,,,,,Marin County,94965,"37.8734282, -122.5118778","Drake Ave & Donahue St, California 94965, USA"
,,,,,,,,,,,,,,,Marin County,94965,"37.8734282, -122.5118778","Drake Ave & Donahue St, California 94965, USA"
,,,,,,,,,,,,,,,Marin County,94965,"37.8734282, -122.5118778","Drake Ave & Donahue St, California 94965, USA"
,,,,,,,,,,,,,,,Marin County,94965,"37.8691198, -122.5090532","Drake Ave & Terrace Dr, California 94965, USA"
,,,,,,,,,,,,,,,Marin County,94965,"37.8691198, -122.5090532","Cole Dr & Drake Ave, California 94965, USA"
,,,,,,,,,,,,,,,Lee County,94920,"32.6348766, -85.5016922","N Donahue Dr, Alabama, USA"
,,,,,,,,,,,,,,,Marin County,94965,"37.8691198, -122.5090532","Cole Dr & Drake Ave, California 94965, USA"
,,,,,,,,,,,,,,,Los Ranchitos Road,94903,"37.9996722, -122.5426639","275 Los Ranchitos Rd, San Rafael, CA 94903, USA"
,,,,,,,,,,,,,,,Mill Valley,94941,"37.9038865, -122.5197811","Dorset Ln & E Blithedale Ave, Mill Valley, CA 94941, USA"
,,,,,,,,,,,,,,,Alto Sutton Manor,94941,"37.9037803, -122.5188895","Tower Dr & E Blithedale Ave, Alto Sutton Manor, CA 94941, USA"
,,,,,,,,,,,,,,,Larkspur,94939,"37.9480912, -122.509686","Larkspur Landing Cir, Larkspur, CA 94939, USA"
,,,,,,,,,,,,,,,Larkspur,94920,"37.9458997, -122.5081682","E Sir Francis Drake Blvd, Larkspur, CA, USA"
,,,,,,,,,,,,,,,Larkspur,94939,"37.9453648, -122.5075753","Larkspur Landing Cir & E Sir Francis Drake Blvd, Larkspur, CA 94939, USA"
,,,,,,,,,,,,,,,Larkspur,94939,"37.9453648, -122.5075753","Larkspur Landing Cir & E Sir Francis Drake Blvd, Larkspur, CA 94939, USA"
,,,,,,,,,,,,,,,Alto Sutton Manor,94941,"37.9037803, -122.5188895","Tower Dr & E Blithedale Ave, Alto Sutton Manor, CA 94941, USA"
,,,,,,,,,,,,,,,Marin County,94941,"37.901717, -122.5325387","E Blithedale Ave, California 94941, USA"
,,,,,,,,,,,,,,,Alto Sutton Manor,94941,"37.9037803, -122.5188895","Tower Dr & E Blithedale Ave, Alto Sutton Manor, CA 94941, USA"
,,,,,,,,,,,,,,,Larkspur,94939,"37.9453648, -122.5075753","Larkspur Landing Cir & E Sir Francis Drake Blvd, Larkspur, CA 94939, USA"
,,,,,,,,,,,,,,,Larkspur,94939,"37.9453648, -122.5075753","Larkspur Landing Cir & E Sir Francis Drake Blvd, Larkspur, CA 94939, USA"
,,,,,,,,,,,,,,,Larkspur,94939,"37.9453648, -122.5075753","Larkspur Landing Cir & E Sir Francis Drake Blvd, Larkspur, CA 94939, USA"
,,,,,,,,,,,,,,,Larkspur,94939,"37.9453648, -122.5075753","Larkspur Landing Cir & E Sir Francis Drake Blvd, Larkspur, CA 94939, USA"
,,,,,,,,,,,,,,,Larkspur,94939,"37.9453648, -122.5075753","Larkspur Landing Cir & E Sir Francis Drake Blvd, Larkspur, CA 94939, USA"
,,,,,,,,,,,,,,,Larkspur,94939,"37.9453648, -122.5075753","Larkspur Landing Cir & E Sir Francis Drake Blvd, Larkspur, CA 94939, USA"
,,,,,,,,,,,,,,,Larkspur,94939,"37.9453648, -122.5075753","Larkspur Landing Cir & E Sir Francis Drake Blvd, Larkspur, CA 94939, USA"
,,,,,,,,,,,,,,,Larkspur,94939,"37.9453648, -122.5075753","Larkspur Landing Cir & E Sir Francis Drake Blvd, Larkspur, CA 94939, USA"
,,,,,,,,,,,,,,,Larkspur,94939,"37.9453648, -122.5075753","Larkspur Landing Cir & E Sir Francis Drake Blvd, Larkspur, CA 94939, USA"
,,,,,,,,,,,,,,,Marin County,94920,"37.944262, -122.5047247","E Sir Francis Drake Blvd, California, USA"
,,,,,,,,,,,,,,,San Mateo County,94920,"37.4613272, -122.197743","Atherton, CA, USA"
,,,,,,,,,,,,,,,United States,94965,"41.3632465, -123.9894411","US-101, United States"
,,,,,,,,,,,,,,,Sir Francis Drake Boulevard,94960,"37.9765712, -122.5613092","580 Sir Francis Drake Blvd, San Anselmo, CA 94960, USA"
,,,,,,,,,,,,,,,Marin County,94964,"37.9386291, -122.4898472","San Quentin, CA 94964, USA"
,,,,,,,,,,,,,,,Marin County,94965,"37.874236, -122.5046854","Gate 6 Rd, California 94965, USA"
,,,,,,,,,,,,,,,Marin County,94965,"37.874236, -122.5046854","Gate 6 Rd, California 94965, USA"
,,,,,,,,,,,,,,,,94939,,
,,,,,,,,,,,,,,,United States,94965,"41.3632465, -123.9894411","US-101, United States"
,,,,,,,,,,,,,,,,94939,,
,,,,,,,,,,,,,,,Marin County,94920,"37.8969377, -122.4986597","Greenwood Cove Dr, California, USA"
,,,,,,,,,,,,,,,,94939,,
,,,,,,,,,,,,,,,United States,94965,"41.3632465, -123.9894411","US-101, United States"
,,,,,,,,,,,,,,,United States,94965,"41.3632465, -123.9894411","US-101, United States"
,,,,,,,,,,,,,,,United States,94965,"41.3632465, -123.9894411","US-101, United States"
,,,,,,,,,,,,,,,United States,94965,"41.3632465, -123.9894411","US-101, United States"
,,,,,,,,,,,,,,,United States,94965,"41.3632465, -123.9894411","US-101, United States"
,,,,,,,,,,,,,,,United States,94965,"41.3632465, -123.9894411","US-101, United States"
,,,,,,,,,,,,,,,United States,94965,"41.3632465, -123.9894411","US-101, United States"
,,,,,,,,,,,,,,,United States,94965,"41.3632465, -123.9894411","US-101, United States"
,,,,,,,,,,,,,,,United States,94965,"41.3632465, -123.9894411","US-101, United States"
,,,,,,,,,,,,,,,United States,94965,"41.3632465, -123.9894411","US-101, United States"
,,,,,,,,,,,,,,,United States,94965,"41.3632465, -123.9894411","US-101, United States"
,,,,,,,,,,,,,,,United States,94965,"41.3632465, -123.9894411","US-101, United States"
,,,,,,,,,,,,,,,United States,94965,"41.3632465, -123.9894411","US-101, United States"
,,,,,,,,,,,,,,,United States,94965,"41.3632465, -123.9894411","US-101, United States"
,,,,,,,,,,,,,,,United States,94965,"41.3632465, -123.9894411","US-101, United States"
,,,,,,,,,,,,,,,United States,94965,"41.3632465, -123.9894411","US-101, United States"
,,,,,,,,,,,,,,,Los Angeles County,94904,"34.0160089, -118.3695699","California's 37th Congressional District, CA, USA"
,,,,,,,,,,,,,,,United States,94965,"41.3632465, -123.9894411","US-101, United States"
,,,,,,,,,,,,,,,United States,94965,"41.3632465, -123.9894411","US-101, United States"
,,,,,,,,,,,,,,,United States,94965,"41.3632465, -123.9894411","US-101, United States"
,,,,,,,,,,,,,,,United States,94965,"41.3632465, -123.9894411","US-101, United States"
,,,,,,,,,,,,,,,United States,94965,"41.3632465, -123.9894411","US-101, United States"
,,,,,,,,,,,,,,,United States,94965,"41.3632465, -123.9894411","US-101, United States"
,,,,,,,,,,,,,,,United States,94965,"41.3632465, -123.9894411","US-101, United States"
,,,,,,,,,,,,,,,United States,94965,"41.3632465, -123.9894411","US-101, United States"
,,,,,,,,,,,,,,,United States,94965,"41.3632465, -123.9894411","US-101, United States"
,,,,,,,,,,,,,,,United States,94965,"41.3632465, -123.9894411","US-101, United States"
,,,,,,,,,,,,,,,United States,94965,"41.3632465, -123.9894411","US-101, United States"
,,,,,,,,,,,,,,,Los Angeles County,94904,"34.0160089, -118.3695699","California's 37th Congressional District, CA, USA"
,,,,,,,,,,,,,,,United States,94965,"41.3632465, -123.9894411","US-101, United States"
,,,,,,,,,,,,,,,United States,94965,"41.3632465, -123.9894411","US-101, United States"
,,,,,,,,,,,,,,,Novato,94920,"38.0689747, -122.5605694","Ignacio Blvd, Novato, CA, USA"
,,,,,,,,,,,,,,,Marin County,94947,"38.086422, -122.5904492","Indian Valley Rd & Old Ranch Rd, California 94947, USA"
,,,,,,,,,,,,,,,Marin County,94947,"38.086422, -122.5904492","Indian Valley Rd & Old Ranch Rd, California 94947, USA"
,,,,,,,,,,,,,,,Marin County,94947,"38.086422, -122.5904492","Indian Valley Rd & Old Ranch Rd, California 94947, USA"
,,,,,,,,,,,,,,,,94939,,
,,,,,,,,,,,,,,,Marin County,94920,"38.0079458, -122.4915041","N San Pedro Rd, California, USA"
,,,,,,,,,,,,,,,San Rafael,94903,"38.02607440000001, -122.5477005","Las Gallinas Ave & Lucas Valley Rd, San Rafael, CA 94903, USA"
,,,,,,,,,,,,,,,San Rafael,94903,"38.02267310000001, -122.5415476","Los Gamos Dr & Lucas Valley Rd, San Rafael, CA 94903, USA"
,,,,,,,,,,,,,,,Santa Venetia,94903,"38.0119926, -122.5169711","Adrian Way, Santa Venetia, CA 94903, USA"
,,,,,,,,,,,,,,,Lucas Valley-Marinwood,94903,"38.03352539999999, -122.5444748","Las Gallinas Ave & Blackstone Dr, Lucas Valley-Marinwood, CA 94903, USA"
,,,,,,,,,,,,,,,San Rafael,94903,"38.02607440000001, -122.5477005","Las Gallinas Ave & Lucas Valley Rd, San Rafael, CA 94903, USA"
,,,,,,,,,,,,,,,San Rafael,94903,"38.0064656, -122.5447188","Las Gallinas Ave & Del Presidio Blvd, San Rafael, CA 94903, USA"
,,,,,,,,,,,,,,,San Rafael,94903,"38.02607440000001, -122.5477005","Las Gallinas Ave & Lucas Valley Rd, San Rafael, CA 94903, USA"
,,,,,,,,,,,,,,,Lucas Valley-Marinwood,94903,"38.0327262, -122.544516","Las Gallinas Ave & Miller Creek Rd, Lucas Valley-Marinwood, CA 94903, USA"
,,,,,,,,,,,,,,,Marin County,94903,"38.0176079, -122.5493676","Las Gallinas Ave, California 94903, USA"
,,,,,,,,,,,,,,,Marin County,94920,"37.9628926, -122.54255","Makin Grade, California, USA"
,,,,,,,,,,,,,,,Tamalpais-Homestead Valley,94941,"37.8943747, -122.540889","Laverne Ave & Hawthorne Ave, Tamalpais-Homestead Valley, CA 94941, USA"
,,,,,,,,,,,,,,,,94939,,
,,,,,,,,,,,,,,,Novato,94949,"38.0533406, -122.5158428","North Cir, Novato, CA 94949, USA"
,,,,,,,,,,,,,,,Marin County,94920,"37.992434, -122.5359657","Los Ranchitos Rd, California, USA"
,,,,,,,,,,,,,,,Marin County,94920,"37.992434, -122.5359657","Los Ranchitos Rd, California, USA"
,,,,,,,,,,,,,,,Marin County,94903,"37.9929785, -122.5424772","Los Ranchitos, CA 94903, USA"
,,,,,,,,,,,,,,,Marin County,94920,"37.992434, -122.5359657","Los Ranchitos Rd, California, USA"
,,,,,,,,,,,,,,,San Rafael,94903,"38.02267310000001, -122.5415476","Los Gamos Dr & Lucas Valley Rd, San Rafael, CA 94903, USA"
,,,,,,,,,,,,,,,San Rafael,94903,"38.02267310000001, -122.5415476","Los Gamos Dr & Lucas Valley Rd, San Rafael, CA 94903, USA"
,,,,,,,,,,,,,,,San Rafael,94903,"38.0270306, -122.5530496","Miller Creek Rd & Lucas Valley Rd, San Rafael, CA 94903, USA"
,,,,,,,,,,,,,,,San Rafael,94903,"38.0205879, -122.5378592","Smith Ranch Rd & Lucas Valley Rd, San Rafael, CA 94903, USA"
,,,,,,,,,,,,,,,Marin County,94903,"38.0477452, -122.6217768","Lucas Valley Rd & Big Rock Trail, California 94903, USA"
,,,,,,,,,,,,,,,San Rafael,94903,"38.02607440000001, -122.5477005","Las Gallinas Ave & Lucas Valley Rd, San Rafael, CA 94903, USA"
,,,,,,,,,,,,,,,San Rafael,94903,"38.02267310000001, -122.5415476","Los Gamos Dr & Lucas Valley Rd, San Rafael, CA 94903, USA"
,,,,,,,,,,,,,,,Marin County,94903,"38.0359765, -122.5655549","Lucas Valley-Marinwood, CA 94903, USA"
,,,,,,,,,,,,,,,Santa Venetia,94903,"38.0127883, -122.524158","Vendola Dr & Mabry Way, Santa Venetia, CA 94903, USA"
,,,,,,,,,,,,,,,,94939,,
,,,,,,,,,,,,,,,Los Angeles County,94904,"34.0160089, -118.3695699","California's 37th Congressional District, CA, USA"
,,,,,,,,,,,,,,,Los Angeles County,94904,"34.0160089, -118.3695699","California's 37th Congressional District, CA, USA"
,,,,,,,,,,,,,,,Lucas Valley-Marinwood,94903,"38.0334983, -122.5402291","Marinwood Ave & Miller Creek Rd, Lucas Valley-Marinwood, CA 94903, USA"
,,,,,,,,,,,,,,,Lucas Valley-Marinwood,94903,"38.0334983, -122.5402291","Marinwood Ave & Miller Creek Rd, Lucas Valley-Marinwood, CA 94903, USA"
,,,,,,,,,,,,,,,Marin County,94920,"38.0079458, -122.4915041","N San Pedro Rd, California, USA"
,,,,,,,,,,,,,,,San Rafael,94903,"37.9938556, -122.5337304","N San Pedro Rd & Merrydale Rd, San Rafael, CA 94903, USA"
,,,,,,,,,,,,,,,United States,94965,"41.3632465, -123.9894411","US-101, United States"
,,,,,,,,,,,,,,,,94939,,
,,,,,,,,,,,,,,,Marin County,94903,"38.03246838078879, -122.5598918031977","Miller Creek, California 94903, USA"
,,,,,,,,,,,,,,,Lucas Valley-Marinwood,94903,"38.0334983, -122.5402291","Marinwood Ave & Miller Creek Rd, Lucas Valley-Marinwood, CA 94903, USA"
,,,,,,,,,,,,,,,,94939,,
,,,,,,,,,,,,,,,Marin County,94903,"38.03246838078879, -122.5598918031977","Miller Creek, California 94903, USA"
,,,,,,,,,,,,,,,Mill Valley,94941,"37.8873597, -122.5248513","Almonte Blvd & Miller Ave, Mill Valley, CA 94941, USA"
,,,,,,,,,,,,,,,Lucas Valley-Marinwood,94903,"38.0334983, -122.5402291","Marinwood Ave & Miller Creek Rd, Lucas Valley-Marinwood, CA 94903, USA"
,,,,,,,,,,,,,,,Lucas Valley-Marinwood,94903,"38.0334983, -122.5402291","Marinwood Ave & Miller Creek Rd, Lucas Valley-Marinwood, CA 94903, USA"
,,,,,,,,,,,,,,,San Rafael,94903,"38.026974, -122.552719","Lucas Valley Rd & Miller Creek Rd, San Rafael, CA 94903, USA"
,,,,,,,,,,,,,,,Lucas Valley-Marinwood,94903,"38.0334983, -122.5402291","Marinwood Ave & Miller Creek Rd, Lucas Valley-Marinwood, CA 94903, USA"
,,,,,,,,,,,,,,,Lucas Valley-Marinwood,94903,"38.0334983, -122.5402291","Marinwood Ave & Miller Creek Rd, Lucas Valley-Marinwood, CA 94903, USA"
,,,,,,,,,,,,,,,Los Angeles County,94904,"34.0160089, -118.3695699","California's 37th Congressional District, CA, USA"
,,,,,,,,,,,,,,,Los Angeles County,94904,"34.0160089, -118.3695699","California's 37th Congressional District, CA, USA"
,,,,,,,,,,,,,,,United States,94965,"41.3632465, -123.9894411","US-101, United States"
,,,,,,,,,,,,,,,Shoreline Highway,94941,"37.8806956, -122.5195635","155 Shoreline Hwy, Mill Valley, CA 94941, USA"
,,,,,,,,,,,,,,,Marin County,94965,"37.8719393, -122.5064937","N Bridge Blvd, California 94965, USA"
,,,,,,,,,,,,,,,Sausalito,94965,"37.8725356, -122.5056916","N Bridge Blvd & Bridgeway, Sausalito, CA 94965, USA"
,,,,,,,,,,,,,,,Sausalito,94965,"37.8725356, -122.5056916","N Bridge Blvd & Bridgeway, Sausalito, CA 94965, USA"
,,,,,,,,,,,,,,,Sausalito,94965,"37.8725356, -122.5056916","N Bridge Blvd & Bridgeway, Sausalito, CA 94965, USA"
,,,,,,,,,,,,,,,,94939,,
,,,,,,,,,,,,,,,Santa Venetia,94903,"38.0090477, -122.5196965","N San Pedro Rd & Mabry Way, Santa Venetia, CA 94903, USA"
,,,,,,,,,,,,,,,Santa Venetia,94903,"37.9972838, -122.5277069","Golf Ave & N San Pedro Rd, Santa Venetia, CA 94903, USA"
,,,,,,,,,,,,,,,Santa Venetia,94903,"38.0034131, -122.5211603","N San Pedro Rd & Northview Ct, Santa Venetia, CA 94903, USA"
,,,,,,,,,,,,,,,Santa Venetia,94903,"38.0123145, -122.513762","N San Pedro Rd & Labrea Way, Santa Venetia, CA 94903, USA"
,,,,,,,,,,,,,,,Marin County,94920,"38.0079458, -122.4915041","N San Pedro Rd, California, USA"
,,,,,,,,,,,,,,,Santa Venetia,94903,"38.0060826, -122.5189992","N San Pedro Rd & Meadow Dr, Santa Venetia, CA 94903, USA"
,,,,,,,,,,,,,,,Santa Venetia,94903,"38.0020545, -122.5222316","N San Pedro Rd & Meriam Dr, Santa Venetia, CA 94903, USA"
,,,,,,,,,,,,,,,,94939,,
,,,,,,,,,,,,,,,San Rafael,94903,"37.9968172, -122.5284069","Civic Center Dr & N San Pedro Rd, San Rafael, CA 94903, USA"
,,,,,,,,,,,,,,,Santa Venetia,94903,"38.004569, -122.5202721","N San Pedro Rd & Schmidt Ln, Santa Venetia, CA 94903, USA"
,,,,,,,,,,,,,,,Santa Venetia,94903,"38.004569, -122.5202721","N San Pedro Rd & Schmidt Ln, Santa Venetia, CA 94903, USA"
,,,,,,,,,,,,,,,Sausalito,94965,"37.8617868, -122.4921424","Bridgeway, Sausalito, CA 94965, USA"
,,,,,,,,,,,,,,,,94939,,
,,,,,,,,,,,,,,,Marin County,94920,"38.0079458, -122.4915041","N San Pedro Rd, California, USA"
,,,,,,,,,,,,,,,Marin County,94920,"38.0079458, -122.4915041","N San Pedro Rd, California, USA"
,,,,,,,,,,,,,,,Santa Venetia,94903,"38.0020545, -122.5222316","N San Pedro Rd & Meriam Dr, Santa Venetia, CA 94903, USA"
,,,,,,,,,,,,,,,United States,94965,"41.3632465, -123.9894411","US-101, United States"
,,,,,,,,,,,,,,,United States,94965,"41.3632465, -123.9894411","US-101, United States"
,,,,,,,,,,,,,,,United States,94965,"41.3632465, -123.9894411","US-101, United States"
,,,,,,,,,,,,,,,United States,94965,"41.3632465, -123.9894411","US-101, United States"
,,,,,,,,,,,,,,,United States,94965,"41.3632465, -123.9894411","US-101, United States"
,,,,,,,,,,,,,,,United States,94965,"41.3632465, -123.9894411","US-101, United States"
,,,,,,,,,,,,,,,United States,94965,"41.3632465, -123.9894411","US-101, United States"
,,,,,,,,,,,,,,,United States,94965,"41.3632465, -123.9894411","US-101, United States"
,,,,,,,,,,,,,,,United States,94965,"41.3632465, -123.9894411","US-101, United States"
,,,,,,,,,,,,,,,Los Angeles County,94904,"34.0160089, -118.3695699","California's 37th Congressional District, CA, USA"
,,,,,,,,,,,,,,,Los Angeles County,94904,"34.0160089, -118.3695699","California's 37th Congressional District, CA, USA"
,,,,,,,,,,,,,,,United States,94965,"41.3632465, -123.9894411","US-101, United States"
,,,,,,,,,,,,,,,United States,94965,"41.3632465, -123.9894411","US-101, United States"
,,,,,,,,,,,,,,,United States,94965,"41.3632465, -123.9894411","US-101, United States"
,,,,,,,,,,,,,,,United States,94965,"41.3632465, -123.9894411","US-101, United States"
,,,,,,,,,,,,,,,United States,94965,"41.3632465, -123.9894411","US-101, United States"
,,,,,,,,,,,,,,,United States,94965,"41.3632465, -123.9894411","US-101, United States"
,,,,,,,,,,,,,,,United States,94965,"41.3632465, -123.9894411","US-101, United States"
,,,,,,,,,,,,,,,United States,94965,"41.3632465, -123.9894411","US-101, United States"
,,,,,,,,,,,,,,,United States,94965,"41.3632465, -123.9894411","US-101, United States"
,,,,,,,,,,,,,,,United States,94965,"41.3632465, -123.9894411","US-101, United States"
,,,,,,,,,,,,,,,United States,94965,"41.3632465, -123.9894411","US-101, United States"
,,,,,,,,,,,,,,,United States,94965,"41.3632465, -123.9894411","US-101, United States"
,,,,,,,,,,,,,,,United States,94965,"41.3632465, -123.9894411","US-101, United States"
,,,,,,,,,,,,,,,United States,94965,"41.3632465, -123.9894411","US-101, United States"
,,,,,,,,,,,,,,,United States,94965,"41.3632465, -123.9894411","US-101, United States"
,,,,,,,,,,,,,,,United States,94965,"41.3632465, -123.9894411","US-101, United States"
,,,,,,,,,,,,,,,United States,94965,"41.3632465, -123.9894411","US-101, United States"
,,,,,,,,,,,,,,,United States,94965,"41.3632465, -123.9894411","US-101, United States"
,,,,,,,,,,,,,,,Novato,94949,"38.0577311, -122.5305598","Nave Dr, Novato, CA 94949, USA"
,,,,,,,,,,,,,,,United States,94965,"41.3632465, -123.9894411","US-101, United States"
,,,,,,,,,,,,,,,Los Angeles County,94904,"34.0160089, -118.3695699","California's 37th Congressional District, CA, USA"
,,,,,,,,,,,,,,,United States,94965,"41.3632465, -123.9894411","US-101, United States"
,,,,,,,,,,,,,,,Los Angeles County,94904,"34.0160089, -118.3695699","California's 37th Congressional District, CA, USA"
,,,,,,,,,,,,,,,United States,94965,"41.3632465, -123.9894411","US-101, United States"
,,,,,,,,,,,,,,,United States,94965,"41.3632465, -123.9894411","US-101, United States"
,,,,,,,,,,,,,,,United States,94965,"41.3632465, -123.9894411","US-101, United States"
,,,,,,,,,,,,,,,Marin County,94946,"38.06170950000001, -122.6991484","Nicasio, CA 94946, USA"
,,,,,,,,,,,,,,,Los Angeles County,94904,"34.0160089, -118.3695699","California's 37th Congressional District, CA, USA"
,,,,,,,,,,,,,,,Santa Venetia,94903,"38.0066071, -122.5181826","N San Pedro Ct & Oxford Dr, Santa Venetia, CA 94903, USA"
,,,,,,,,,,,,,,,United States,94965,"41.3632465, -123.9894411","US-101, United States"
,,,,,,,,,,,,,,,United States,94965,"41.3632465, -123.9894411","US-101, United States"
,,,,,,,,,,,,,,,United States,94965,"41.3632465, -123.9894411","US-101, United States"
,,,,,,,,,,,,,,,Los Angeles County,94904,"34.0160089, -118.3695699","California's 37th Congressional District, CA, USA"
,,,,,,,,,,,,,,,Los Angeles County,94904,"34.0160089, -118.3695699","California's 37th Congressional District, CA, USA"
,,,,,,,,,,,,,,,Los Angeles County,94904,"34.0160089, -118.3695699","California's 37th Congressional District, CA, USA"
,,,,,,,,,,,,,,,Los Angeles County,94904,"34.0160089, -118.3695699","California's 37th Congressional District, CA, USA"
,,,,,,,,,,,,,,,Los Angeles County,94904,"34.0160089, -118.3695699","California's 37th Congressional District, CA, USA"
,,,,,,,,,,,,,,,San Rafael,94903,"38.0012304, -122.5425484","Northgate Dr & Los Ranchitos Rd, San Rafael, CA 94903, USA"
,,,,,,,,,,,,,,,Dillon Beach,94929,"38.2514309, -122.9667557","Ocean View Ave & Cliff St, Dillon Beach, CA 94929, USA"
,,,,,,,,,,,,,,,Marin County,94956,"38.0690435, -122.7635476","Platform Bridge Rd & Pt. Reyes - Petaluma Rd, California 94956, USA"
,,,,,,,,,,,,,,,Marin County,94965,"37.8708513, -122.5135491","Drake Ave & Pacheco St, California 94965, USA"
,,,,,,,,,,,,,,,,94939,,
,,,,,,,,,,,,,,,Marin County,94965,"37.8746375, -122.5115841","Park Cir & Donahue St, California 94965, USA"
,,,,,,,,,,,,,,,Marin County,94965,"37.8740337, -122.5142525","Drake Ave & Park Cir, California 94965, USA"
,,,,,,,,,,,,,,,Marin County,94956,"38.0498998, -122.7589664","Sir Francis Drake Blvd & Platform Bridge Rd, California 94956, USA"
,,,,,,,,,,,,,,,Marin County,94956,"38.0713655, -122.7605494","Laurel Canyon Rd & Pt. Reyes - Petaluma Rd, California 94956, USA"
,,,,,,,,,,,,,,,Marin County,94956,"38.0713655, -122.7605494","Laurel Canyon Rd & Pt. Reyes - Petaluma Rd, California 94956, USA"
,,,,,,,,,,,,,,,Marin County,94920,"38.0079458, -122.4915041","N San Pedro Rd, California, USA"
,,,,,,,,,,,,,,,Marin County,94956,"38.0690435, -122.7635476","Platform Bridge Rd & Pt. Reyes - Petaluma Rd, California 94956, USA"
,,,,,,,,,,,,,,,United States,94965,"41.3632465, -123.9894411","US-101, United States"
,,,,,,,,,,,,,,,United States,94965,"41.3632465, -123.9894411","US-101, United States"
,,,,,,,,,,,,,,,United States,94965,"41.3632465, -123.9894411","US-101, United States"
,,,,,,,,,,,,,,,United States,94965,"41.3632465, -123.9894411","US-101, United States"
,,,,,,,,,,,,,,,United States,94965,"41.3632465, -123.9894411","US-101, United States"
,,,,,,,,,,,,,,,United States,94965,"41.3632465, -123.9894411","US-101, United States"
,,,,,,,,,,,,,,,United States,94965,"41.3632465, -123.9894411","US-101, United States"
,,,,,,,,,,,,,,,United States,94965,"41.3632465, -123.9894411","US-101, United States"
,,,,,,,,,,,,,,,United States,94965,"41.3632465, -123.9894411","US-101, United States"
,,,,,,,,,,,,,,,United States,94965,"41.3632465, -123.9894411","US-101, United States"
,,,,,,,,,,,,,,,United States,94965,"41.3632465, -123.9894411","US-101, United States"
,,,,,,,,,,,,,,,United States,94965,"41.3632465, -123.9894411","US-101, United States"
,,,,,,,,,,,,,,,United States,94965,"41.3632465, -123.9894411","US-101, United States"
,,,,,,,,,,,,,,,United States,94965,"41.3632465, -123.9894411","US-101, United States"
,,,,,,,,,,,,,,,United States,94965,"41.3632465, -123.9894411","US-101, United States"
,,,,,,,,,,,,,,,United States,94965,"41.3632465, -123.9894411","US-101, United States"
,,,,,,,,,,,,,,,United States,94965,"41.3632465, -123.9894411","US-101, United States"
,,,,,,,,,,,,,,,United States,94965,"41.3632465, -123.9894411","US-101, United States"
,,,,,,,,,,,,,,,United States,94965,"41.3632465, -123.9894411","US-101, United States"
,,,,,,,,,,,,,,,United States,94965,"41.3632465, -123.9894411","US-101, United States"
,,,,,,,,,,,,,,,United States,94965,"41.3632465, -123.9894411","US-101, United States"
,,,,,,,,,,,,,,,United States,94965,"41.3632465, -123.9894411","US-101, United States"
,,,,,,,,,,,,,,,United States,94965,"41.3632465, -123.9894411","US-101, United States"
,,,,,,,,,,,,,,,United States,94965,"41.3632465, -123.9894411","US-101, United States"
,,,,,,,,,,,,,,,United States,94965,"41.3632465, -123.9894411","US-101, United States"
,,,,,,,,,,,,,,,Strawberry,94941,"37.8989378, -122.5136679","Reed Blvd & Belvedere Dr, Strawberry, CA 94941, USA"
,,,,,,,,,,,,,,,Strawberry,94941,"37.898774, -122.5128391","Reed Blvd & Belvedere Dr, Strawberry, CA 94941, USA"
,,,,,,,,,,,,,,,United States,94965,"41.3632465, -123.9894411","US-101, United States"
,,,,,,,,,,,,,,,United States,94965,"41.3632465, -123.9894411","US-101, United States"
,,,,,,,,,,,,,,,Sausalito,94965,"37.8603953, -122.5007049","Rodeo Ave, Sausalito, CA 94965, USA"
,,,,,,,,,,,,,,,Marin County,94941,"37.8873441, -122.5254846","Almonte Blvd, California 94941, USA"
,,,,,,,,,,,,,,,United States,94965,"41.3632465, -123.9894411","US-101, United States"
,,,,,,,,,,,,,,,,94939,,
,,,,,,,,,,,,,,,United States,94965,"41.3632465, -123.9894411","US-101, United States"
,,,,,,,,,,,,,,,United States,94965,"41.3632465, -123.9894411","US-101, United States"
,,,,,,,,,,,,,,,United States,94965,"41.3632465, -123.9894411","US-101, United States"
,,,,,,,,,,,,,,,United States,94965,"41.3632465, -123.9894411","US-101, United States"
,,,,,,,,,,,,,,,United States,94965,"41.3632465, -123.9894411","US-101, United States"
,,,,,,,,,,,,,,,United States,94965,"41.3632465, -123.9894411","US-101, United States"
,,,,,,,,,,,,,,,United States,94965,"41.3632465, -123.9894411","US-101, United States"
,,,,,,,,,,,,,,,United States,94965,"41.3632465, -123.9894411","US-101, United States"
,,,,,,,,,,,,,,,United States,94965,"41.3632465, -123.9894411","US-101, United States"
,,,,,,,,,,,,,,,United States,94965,"41.3632465, -123.9894411","US-101, United States"
,,,,,,,,,,,,,,,United States,94965,"41.3632465, -123.9894411","US-101, United States"
,,,,,,,,,,,,,,,United States,94965,"41.3632465, -123.9894411","US-101, United States"
,,,,,,,,,,,,,,,United States,94965,"41.3632465, -123.9894411","US-101, United States"
,,,,,,,,,,,,,,,United States,94965,"41.3632465, -123.9894411","US-101, United States"
,,,,,,,,,,,,,,,United States,94965,"41.3632465, -123.9894411","US-101, United States"
,,,,,,,,,,,,,,,United States,94965,"41.3632465, -123.9894411","US-101, United States"
,,,,,,,,,,,,,,,United States,94965,"41.3632465, -123.9894411","US-101, United States"
,,,,,,,,,,,,,,,United States,94965,"41.3632465, -123.9894411","US-101, United States"
,,,,,,,,,,,,,,,United States,94965,"41.3632465, -123.9894411","US-101, United States"
,,,,,,,,,,,,,,,United States,94965,"41.3632465, -123.9894411","US-101, United States"
,,,,,,,,,,,,,,,United States,94965,"41.3632465, -123.9894411","US-101, United States"
,,,,,,,,,,,,,,,United States,94965,"41.3632465, -123.9894411","US-101, United States"
,,,,,,,,,,,,,,,United States,94965,"41.3632465, -123.9894411","US-101, United States"
,,,,,,,,,,,,,,,United States,94965,"41.3632465, -123.9894411","US-101, United States"
,,,,,,,,,,,,,,,United States,94965,"41.3632465, -123.9894411","US-101, United States"
,,,,,,,,,,,,,,,United States,94965,"41.3632465, -123.9894411","US-101, United States"
,,,,,,,,,,,,,,,United States,94965,"41.3632465, -123.9894411","US-101, United States"
,,,,,,,,,,,,,,,United States,94965,"41.3632465, -123.9894411","US-101, United States"
,,,,,,,,,,,,,,,United States,94965,"41.3632465, -123.9894411","US-101, United States"
,,,,,,,,,,,,,,,United States,94965,"41.3632465, -123.9894411","US-101, United States"
,,,,,,,,,,,,,,,United States,94965,"41.3632465, -123.9894411","US-101, United States"
,,,,,,,,,,,,,,,United States,94965,"41.3632465, -123.9894411","US-101, United States"
,,,,,,,,,,,,,,,United States,94965,"41.3632465, -123.9894411","US-101, United States"
,,,,,,,,,,,,,,,United States,94965,"41.3632465, -123.9894411","US-101, United States"
,,,,,,,,,,,,,,,United States,94965,"41.3632465, -123.9894411","US-101, United States"
,,,,,,,,,,,,,,,Greenbrae,94904,"37.9487346, -122.516927","Eliseo Dr, Greenbrae, CA 94904, USA"
,,,,,,,,,,,,,,,United States,94965,"41.3632465, -123.9894411","US-101, United States"
,,,,,,,,,,,,,,,Maricopa County,94920,"33.4151843, -111.8314724","Mesa, AZ, USA"
,,,,,,,,,,,,,,,Contra Costa County,94920,"37.9621457, -122.3455263","San Pablo, CA, USA"
,,,,,,,,,,,,,,,San Anselmo,94960,"37.9832204, -122.5703791","Sir Francis Drake Blvd & Saunders Ave, San Anselmo, CA 94960, USA"
,,,,,,,,,,,,,,,Los Angeles County,94904,"34.0160089, -118.3695699","California's 37th Congressional District, CA, USA"
,,,,,,,,,,,,,,,United States,94965,"41.3632465, -123.9894411","US-101, United States"
,,,,,,,,,,,,,,,United States,94965,"41.3632465, -123.9894411","US-101, United States"
,,,,,,,,,,,,,,,United States,94965,"41.3632465, -123.9894411","US-101, United States"
,,,,,,,,,,,,,,,United States,94965,"41.3632465, -123.9894411","US-101, United States"
,,,,,,,,,,,,,,,Los Angeles County,94904,"34.0160089, -118.3695699","California's 37th Congressional District, CA, USA"
,,,,,,,,,,,,,,,United States,94965,"41.3632465, -123.9894411","US-101, United States"
,,,,,,,,,,,,,,,United States,94965,"41.3632465, -123.9894411","US-101, United States"
,,,,,,,,,,,,,,,United States,94965,"41.3632465, -123.9894411","US-101, United States"
,,,,,,,,,,,,,,,United States,94965,"41.3632465, -123.9894411","US-101, United States"
,,,,,,,,,,,,,,,United States,94965,"41.3632465, -123.9894411","US-101, United States"
,,,,,,,,,,,,,,,United States,94965,"41.3632465, -123.9894411","US-101, United States"
,,,,,,,,,,,,,,,United States,94965,"41.3632465, -123.9894411","US-101, United States"
,,,,,,,,,,,,,,,United States,94965,"41.3632465, -123.9894411","US-101, United States"
,,,,,,,,,,,,,,,United States,94965,"41.3632465, -123.9894411","US-101, United States"
,,,,,,,,,,,,,,,United States,94965,"41.3632465, -123.9894411","US-101, United States"
,,,,,,,,,,,,,,,United States,94965,"41.3632465, -123.9894411","US-101, United States"
,,,,,,,,,,,,,,,United States,94965,"41.3632465, -123.9894411","US-101, United States"
,,,,,,,,,,,,,,,United States,94965,"41.3632465, -123.9894411","US-101, United States"
,,,,,,,,,,,,,,,United States,94965,"41.3632465, -123.9894411","US-101, United States"
,,,,,,,,,,,,,,,United States,94965,"41.3632465, -123.9894411","US-101, United States"
,,,,,,,,,,,,,,,,94939,,
,,,,,,,,,,,,,,,Strawberry,94941,"37.8912263, -122.5157312","Milland Dr & Seminary Dr, Strawberry, CA 94941, USA"
,,,,,,,,,,,,,,,United States,94965,"41.3632465, -123.9894411","US-101, United States"
,,,,,,,,,,,,,,,Strawberry,94941,"37.8910611, -122.513827","Ricardo Rd & Seminary Dr, Strawberry, CA 94941, USA"
,,,,,,,,,,,,,,,Strawberry,94941,"37.8910611, -122.513827","Ricardo Rd & Seminary Dr, Strawberry, CA 94941, USA"
,,,,,,,,,,,,,,,United States,94965,"41.3632465, -123.9894411","US-101, United States"
,,,,,,,,,,,,,,,Mill Valley,94941,"37.8922631, -122.5201031","Shelter Bay Ave, Mill Valley, CA 94941, USA"
,,,,,,,,,,,,,,,Mill Valley,94941,"37.89348030000001, -122.518706","Shelter Bay Ave & Hamilton Dr, Mill Valley, CA 94941, USA"
,,,,,,,,,,,,,,,United States,94965,"41.3632465, -123.9894411","US-101, United States"
,,,,,,,,,,,,,,,United States,94965,"41.3632465, -123.9894411","US-101, United States"
,,,,,,,,,,,,,,,United States,94965,"41.3632465, -123.9894411","US-101, United States"
,,,,,,,,,,,,,,,United States,94965,"41.3632465, -123.9894411","US-101, United States"
,,,,,,,,,,,,,,,United States,94965,"41.3632465, -123.9894411","US-101, United States"
,,,,,,,,,,,,,,,United States,94965,"41.3632465, -123.9894411","US-101, United States"
,,,,,,,,,,,,,,,United States,94965,"41.3632465, -123.9894411","US-101, United States"
,,,,,,,,,,,,,,,United States,94965,"41.3632465, -123.9894411","US-101, United States"
,,,,,,,,,,,,,,,United States,94965,"41.3632465, -123.9894411","US-101, United States"
,,,,,,,,,,,,,,,United States,94965,"41.3632465, -123.9894411","US-101, United States"
,,,,,,,,,,,,,,,United States,94965,"41.3632465, -123.9894411","US-101, United States"
,,,,,,,,,,,,,,,United States,94965,"41.3632465, -123.9894411","US-101, United States"
,,,,,,,,,,,,,,,United States,94965,"41.3632465, -123.9894411","US-101, United States"
,,,,,,,,,,,,,,,United States,94965,"41.3632465, -123.9894411","US-101, United States"
,,,,,,,,,,,,,,,United States,94965,"41.3632465, -123.9894411","US-101, United States"
,,,,,,,,,,,,,,,Marin County,94941,"37.8534667, -122.5385542","Tennessee Valley, California, California 94941, USA"
,,,,,,,,,,,,,,,,94939,,
,,,,,,,,,,,,,,,Marin County,94941,"37.8534667, -122.5385542","Tennessee Valley, California, California 94941, USA"
,,,,,,,,,,,,,,,Larkspur,94939,"37.9453648, -122.5075753","Larkspur Landing Cir & E Sir Francis Drake Blvd, Larkspur, CA 94939, USA"
,,,,,,,,,,,,,,,Marin County,94956,"38.0498998, -122.7589664","Sir Francis Drake Blvd & Platform Bridge Rd, California 94956, USA"
,,,,,,,,,,,,,,,,94939,,
,,,,,,,,,,,,,,,Marin County,94973,"38.01270770000001, -122.6301871","Sir Francis Drake Blvd & San Geronimo Valley Dr, California 94973, USA"
,,,,,,,,,,,,,,,Greenbrae,94904,"37.9526816, -122.5378933","Sir Francis Drake Blvd & Wolfe Grade, Kentfield, CA 94904, USA"
,,,,,,,,,,,,,,,San Anselmo,94960,"37.9726804, -122.561565","Sir Francis Drake Blvd & Barber Ave, San Anselmo, CA 94960, USA"
,,,,,,,,,,,,,,,Kentfield,94904,"37.9533572, -122.5401281","Sir Francis Drake Blvd & McAllister Ave, Kentfield, CA 94904, USA"
,,,,,,,,,,,,,,,Marin County,94920,"38.0293777, -122.7433671","Sir Francis Drake Blvd, California, USA"
,,,,,,,,,,,,,,,Greenbrae,94904,"37.9504575, -122.5336597","Sir Francis Drake Blvd & Bon Air Rd, Kentfield, CA 94904, USA"
,,,,,,,,,,,,,,,San Rafael,94901,"37.9461295, -122.4937638","Andersen Dr & E Sir Francis Drake Blvd, San Rafael, CA 94901, USA"
,,,,,,,,,,,,,,,Lagunitas-Forest Knolls,94933,"38.0144745, -122.6958996","Sir Francis Drake Blvd & Castro St, Lagunitas-Forest Knolls, CA 94933, USA"
,,,,,,,,,,,,,,,Lagunitas-Forest Knolls,94933,"38.0144745, -122.6958996","Sir Francis Drake Blvd & Castro St, Lagunitas-Forest Knolls, CA 94933, USA"
,,,,,,,,,,,,,,,Greenbrae,94904,"37.9475127, -122.5252518","Sir Francis Drake Blvd & La Cuesta Dr, Kentfield, CA 94904, USA"
,,,,,,,,,,,,,,,Marin County,94973,"38.01270770000001, -122.6301871","Sir Francis Drake Blvd & San Geronimo Valley Dr, California 94973, USA"
,,,,,,,,,,,,,,,Greenbrae,94904,"37.9530039, -122.5381987","Sir Francis Drake Boulevard & Wolfe Grade, Kentfield, CA 94904, USA"
,,,,,,,,,,,,,,,Greenbrae,94904,"37.9526816, -122.5378933","Sir Francis Drake Blvd & Wolfe Grade, Kentfield, CA 94904, USA"
,,,,,,,,,,,,,,,Greenbrae,94904,"37.9526816, -122.5378933","Sir Francis Drake Blvd & Wolfe Grade, Kentfield, CA 94904, USA"
,,,,,,,,,,,,,,,Greenbrae,94904,"37.9526816, -122.5378933","Sir Francis Drake Blvd & Wolfe Grade, Kentfield, CA 94904, USA"
,,,,,,,,,,,,,,,,94939,,
,,,,,,,,,,,,,,,San Anselmo,94960,"37.9726804, -122.561565","Sir Francis Drake Blvd & Ross Ave, San Anselmo, CA 94960, USA"
,,,,,,,,,,,,,,,San Anselmo,94960,"37.9868479, -122.5780138","Sir Francis Drake Blvd & Butterfield Rd, San Anselmo, CA 94960, USA"
,,,,,,,,,,,,,,,Greenbrae,94904,"37.9475127, -122.5252518","Sir Francis Drake Blvd & La Cuesta Dr, Kentfield, CA 94904, USA"
,,,,,,,,,,,,,,,Lagunitas-Forest Knolls,94946,"38.0145318, -122.6637549","Sir Francis Drake Blvd & Nicasio Valley Rd, Lagunitas-Forest Knolls, CA 94946, USA"
,,,,,,,,,,,,,,,Larkspur,94939,"37.9453648, -122.5075753","Larkspur Landing Cir & E Sir Francis Drake Blvd, Larkspur, CA 94939, USA"
,,,,,,,,,,,,,,,Kentfield,94904,"37.9535877, -122.5406812","Sir Francis Drake Blvd & Laurel Grove Ave, Kentfield, CA 94904, USA"
,,,,,,,,,,,,,,,Marin County,94973,"38.01270770000001, -122.6301871","Sir Francis Drake Blvd & San Geronimo Valley Dr, California 94973, USA"
,,,,,,,,,,,,,,,Marin County,94930,"37.9671007, -122.5903147","Six Points Trail, California 94930, USA"
,,,,,,,,,,,,,,,San Rafael,94903,"38.018645, -122.5263132","Smith Ranch Rd & Silveira Pkwy, San Rafael, CA 94903, USA"
,,,,,,,,,,,,,,,San Rafael,94903,"38.018645, -122.5263132","Smith Ranch Rd & Silveira Pkwy, San Rafael, CA 94903, USA"
,,,,,,,,,,,,,,,San Rafael,94903,"38.0193909, -122.5311264","Deer Valley Rd & Smith Ranch Rd, San Rafael, CA 94903, USA"
,,,,,,,,,,,,,,,Marin County,94965,"37.868538, -122.5091404","Marin City, CA 94965, USA"
,,,,,,,,,,,,,,,Miller Avenue,94941,"37.891435, -122.529702","700 Miller Ave, Mill Valley, CA 94941, USA"
,,,,,,,,,,,,,,,Shoreline Highway,94941,"37.8817976, -122.5251212","251 Shoreline Hwy, Mill Valley, CA 94941, USA"
,,,,,,,,,,,,,,,Shoreline Highway,94941,"37.8817976, -122.5251212","251 Shoreline Hwy, Mill Valley, CA 94941, USA"
,,,,,,,,,,,,,,,Marin County,94965,"37.8715616, -122.5106455","Donahue St & Terners Dr, California 94965, USA"
,,,,,,,,,,,,,,,Marin County,94965,"37.86971860000001, -122.5113941","Terrace Dr & Terners Dr, California 94965, USA"
,,,,,,,,,,,,,,,Strawberry,94941,"37.9028052, -122.5171796","E Blithedale Ave & Tiburon Blvd, Strawberry, CA 94941, USA"
,,,,,,,,,,,,,,,United States,94965,"41.3632465, -123.9894411","US-101, United States"
,,,,,,,,,,,,,,,Strawberry,94941,"37.9023905, -122.5121629","S Knoll Rd & Tiburon Blvd, Strawberry, CA 94941, USA"
,,,,,,,,,,,,,,,Strawberry,94941,"37.9023905, -122.5121629","S Knoll Rd & Tiburon Blvd, Strawberry, CA 94941, USA"
,,,,,,,,,,,,,,,Belvedere Tiburon,94941,"37.8986175, -122.50136","Greenwood Cove Dr & Tiburon Blvd, Tiburon, CA 94941, USA"
,,,,,,,,,,,,,,,Strawberry,94941,"37.89922079999999, -122.5047123","Bay Vista Dr & Tiburon Blvd, Strawberry, CA 94941, USA"
,,,,,,,,,,,,,,,Belvedere Tiburon,94941,"37.8986175, -122.50136","Greenwood Cove Dr & Tiburon Blvd, Tiburon, CA 94941, USA"
,,,,,,,,,,,,,,,Strawberry,94941,"37.9023905, -122.5121629","S Knoll Rd & Tiburon Blvd, Strawberry, CA 94941, USA"
,,,,,,,,,,,,,,,Belvedere Tiburon,94941,"37.8986175, -122.50136","Greenwood Cove Dr & Tiburon Blvd, Tiburon, CA 94941, USA"
,,,,,,,,,,,,,,,United States,94965,"41.3632465, -123.9894411","US-101, United States"
,,,,,,,,,,,,,,,United States,94965,"41.3632465, -123.9894411","US-101, United States"
,,,,,,,,,,,,,,,Santa Venetia,94903,"38.0132123, -122.5177131","Vendola Dr, Santa Venetia, CA 94903, USA"
,,,,,,,,,,,,,,,United States,94920,"36.778261, -119.4179324","California, USA"
,,,,,,,,,,,,,,,United States,94920,"36.778261, -119.4179324","California, USA"
,,,,,,,,,,,,,,,United States,94920,"36.778261, -119.4179324","California, USA"
,,,,,,,,,,,,,,,,94939,,
,,,,,,,,,,,,,,,Kentfield,94904,"37.9562066, -122.5362718","Wolfe Grade & Wolfe Glen Way, Kentfield, CA 94904, USA"
,,,,,,,,,,,,,,,Marin County,94920,"37.9570896, -122.5357372","Wolfe Grade, California, USA"
,,,,,,,,,,,,,,,San Rafael,94901,"37.96198649999999, -122.5153254","Woodland Ave & Culver St, San Rafael, CA 94901, USA"
,,,,,,,,,,,,,,,Marin County,94901,"37.9575606, -122.5096168","Auburn St & Woodland Ave, California 94901, USA"
,,,,,,,,,,,,,,,Marin County,94901,"37.9575606, -122.5096168","Auburn St & Woodland Ave, California 94901, USA"
,,,,,,,,,,,,,,,Marin County,94901,"37.9575606, -122.5096168","Auburn St & Woodland Ave, California 94901, USA"
,,,,,,,,,,,,,,,United States,94965,"41.3632465, -123.9894411","US-101, United States"
