date,time,race,type,location
1/1/20,12:55:22,white,1 Moving,I 80 W
1/1/20,14:58:16,hispanic/latino(a),3 Non-Moving,F ST
1/1/20,23:37:16,white,2 Equipment,LAKE BL
1/1/20,23:01:05,hispanic/latino(a),2 Equipment,RUSSELL BL
1/1/20,22:45:10,hispanic/latino(a),3 Non-Moving,LAKE BL
1/2/20,12:18:35,black/african american,3 Non-Moving,J ST
1/2/20,23:58:40,white,1 Moving,SYCAMORE LN
1/2/20,21:56:30,black/african american,3 Non-Moving,E 8TH ST
1/2/20,22:38:13,hispanic/latino(a),1 Moving,W COVELL BL
1/3/20,18:01:27,white,2 Equipment,BIRCH LN
1/3/20,22:34:44,white,1 Moving,RUSSELL BL
1/3/20,17:32:30,hispanic/latino(a),2 Equipment,MACE BL
1/3/20,17:51:40,hispanic/latino(a),1 Moving,HWY 113
1/4/20,21:34:17,white,2 Equipment,LAKE BL
1/4/20,21:25:09,hispanic/latino(a),1 Moving,D ST
1/4/20,22:14:17,white,1 Moving,RUSSELL BL
1/4/20,22:25:34,white,1 Moving,UNIVERSITY AV
1/4/20,22:41:46,white,1 Moving,MACE BL
1/4/20,20:14:24,white,2 Equipment,COWELL BL
1/5/20,15:20:42,asian,1 Moving,ALHAMBRA DR
1/5/20,03:23:41,white,2 Equipment,ANTIOCH DR
1/5/20,03:29:33,asian,1 Moving,RUSSELL BL
1/5/20,21:59:13,hispanic/latino(a),2 Equipment,E 8TH ST
1/5/20,23:51:24,black/african american,2 Equipment,MACE BL
1/6/20,17:15:42,asian,1 Moving,3RD ST
1/6/20,11:25:25,middle eastern or south asian,2 Equipment,RESEARCH PARK DR
1/6/20,22:44:43,white,1 Moving,CHILES RD
1/6/20,04:57:29,hispanic/latino(a),1 Moving,I 80 W
1/6/20,13:15:11,black/african american,1 Moving,COWELL BL
1/6/20,23:51:17,asian,3 Non-Moving,RUSSELL BL
1/6/20,10:40:22,white,1 Moving,W COVELL BL
1/6/20,18:54:52,asian,1 Moving,5TH ST
1/7/20,18:15:31,hispanic/latino(a),1 Moving,2ND ST
1/7/20,22:46:29,hispanic/latino(a),2 Equipment,CHILES RD
1/7/20,20:54:48,white,2 Equipment,MACE BL
1/7/20,21:43:11,white,3 Non-Moving,COWELL BL
1/7/20,22:18:39,black/african american,3 Non-Moving,I 80 E
1/7/20,22:16:23,black/african american,2 Equipment,G ST
1/7/20,23:07:43,black/african american,1 Moving,OHLONE ST
1/7/20,20:22:20,hispanic/latino(a),2 Equipment,I 80 E
1/7/20,16:37:07,hispanic/latino(a),2 Equipment,E COVELL BL
1/7/20,19:51:49,white,2 Equipment,W COVELL BL
1/7/20,22:18:39,black/african american,3 Non-Moving,I 80 E
1/7/20,10:37:15,asian,1 Moving,LILLARD DR
1/7/20,23:02:03,asian,2 Equipment,POLE LINE RD
1/8/20,01:00:15,middle eastern or south asian,2 Equipment,POLE LINE RD
1/8/20,19:08:33,asian,3 Non-Moving,RESEARCH PARK DR
1/8/20,22:27:37,black/african american,2 Equipment,COWELL BL
1/8/20,22:26:11,hispanic/latino(a),2 Equipment,5TH ST
1/8/20,19:02:45,white,1 Moving,ANDERSON RD
1/8/20,22:19:21,white,3 Non-Moving,MACE BL
1/8/20,23:54:33,white,3 Non-Moving,RESEARCH PARK DR
1/8/20,01:05:01,white,1 Moving,RESEARCH PARK DR
1/8/20,22:51:58,hispanic/latino(a),2 Equipment,CHILES RD
1/9/20,00:26:16,hispanic/latino(a),3 Non-Moving,RESEARCH PARK DR
1/9/20,00:26:16,hispanic/latino(a),3 Non-Moving,RESEARCH PARK DR
1/9/20,00:18:34,hispanic/latino(a),2 Equipment,RICHARDS BL
1/9/20,21:46:10,white,2 Equipment,MACE BL
1/9/20,23:39:55,white,2 Equipment,COWELL BL
1/10/20,21:18:10,white,2 Equipment,RUSSELL BL
1/10/20,10:08:45,white,1 Moving,DANBURY ST
1/10/20,15:40:50,white,1 Moving,CHILES RD
1/11/20,22:27:17,asian,1 Moving,POLE LINE RD
1/12/20,03:15:46,mixed,1 Moving,I 80 E
1/12/20,00:19:09,hispanic/latino(a),1 Moving,F ST
1/12/20,03:46:42,white,1 Moving,E 8TH ST
1/12/20,01:42:57,asian,1 Moving,LAKE BL
1/12/20,02:46:59,hispanic/latino(a),1 Moving,9TH ST
1/13/20,21:29:45,black/african american,1 Moving,2ND ST
1/13/20,15:48:52,white,1 Moving,E 8TH ST
1/13/20,20:11:42,hispanic/latino(a),1 Moving,B ST
1/13/20,22:33:03,white,2 Equipment,OAK AV
1/13/20,20:46:58,asian,1 Moving,F ST
1/13/20,00:15:48,asian,1 Moving,CHILES RD
1/14/20,00:55:34,white,2 Equipment,I 80 E
1/14/20,23:36:01,white,2 Equipment,MACE BL
1/14/20,22:10:37,white,3 Non-Moving,E COVELL BL
1/14/20,20:19:27,asian,1 Moving,5TH ST
1/14/20,08:35:00,white,1 Moving,LILLARD DR
1/14/20,10:36:34,hispanic/latino(a),1 Moving,MOORE BL
1/15/20,23:23:39,white,1 Moving,F ST
1/15/20,21:45:38,hispanic/latino(a),1 Moving,MACE BL
1/15/20,02:43:22,white,2 Equipment,ALHAMBRA DR
1/15/20,21:10:11,black/african american,2 Equipment,CHILES RD
1/15/20,23:19:56,hispanic/latino(a),1 Moving,RESEARCH PARK DR
1/15/20,02:07:08,hispanic/latino(a),2 Equipment,G ST
1/15/20,02:00:00,white,2 Equipment,5TH ST
1/15/20,22:12:04,black/african american,2 Equipment,EL CEMONTE AV
1/16/20,21:37:54,hispanic/latino(a),3 Non-Moving,2ND ST
1/16/20,16:49:25,white,3 Non-Moving,VILLANOVA DR
1/16/20,14:13:21,white,1 Moving,EL CEMONTE AV
1/16/20,23:23:03,asian,1 Moving,RICHARDS BL
1/16/20,13:53:49,asian,1 Moving,COWELL BL
1/16/20,22:06:54,white,2 Equipment,RICHARDS BL
1/17/20,02:33:34,white,3 Non-Moving,E 8TH ST
1/17/20,19:42:14,hispanic/latino(a),3 Non-Moving,COWELL BL
1/17/20,23:43:23,middle eastern or south asian,1 Moving,B ST
1/17/20,10:26:32,white,2 Equipment,3RD ST
1/17/20,21:00:33,middle eastern or south asian,1 Moving,CHILES RD
1/17/20,08:19:35,black/african american,1 Moving,RESEARCH PARK DR
1/17/20,11:43:14,white,1 Moving,6TH ST
1/17/20,19:50:59,white,1 Moving,COWELL BL
1/17/20,20:29:28,mixed,3 Non-Moving,E ST
1/17/20,20:14:05,white,1 Moving,F ST
1/17/20,15:42:11,white,3 Non-Moving,CHILES RD
1/18/20,17:45:35,white,1 Moving,POLE LINE RD
1/18/20,01:15:25,hispanic/latino(a),1 Moving,ANDERSON RD
1/18/20,01:10:18,black/african american,1 Moving,ANDERSON RD
1/18/20,10:41:51,white,1 Moving,5TH ST
1/18/20,01:51:04,middle eastern or south asian,1 Moving,RESEARCH PARK DR
1/18/20,15:02:40,asian,1 Moving,5TH ST
1/18/20,12:17:47,white,2 Equipment,COWELL BL
1/19/20,09:39:41,black/african american,3 Non-Moving,CHILES RD
1/19/20,21:03:54,asian,1 Moving,5TH ST
1/19/20,22:45:11,white,2 Equipment,5TH ST
1/20/20,21:11:56,white,3 Non-Moving,RESEARCH PARK DR
1/20/20,23:06:02,white,2 Equipment,COWELL BL
1/20/20,00:25:32,white,1 Moving,ALHAMBRA DR
1/20/20,17:07:27,asian,1 Moving,E ST
1/20/20,21:28:33,hispanic/latino(a),2 Equipment,2ND ST
1/20/20,08:07:23,mixed,1 Moving,D ST
1/20/20,21:11:56,white,3 Non-Moving,RESEARCH PARK DR
1/21/20,23:21:07,hispanic/latino(a),2 Equipment,TULIP LN
1/21/20,00:52:29,hispanic/latino(a),1 Moving,ANDERSON RD
1/22/20,19:06:05,hispanic/latino(a),2 Equipment,POLE LINE RD
1/22/20,15:52:47,white,2 Equipment,I 80 W
1/22/20,21:15:35,white,2 Equipment,3RD ST
1/22/20,01:46:28,black/african american,2 Equipment,I 80 W
1/22/20,13:08:24,white,2 Equipment,W COVELL BL
1/22/20,23:13:34,black/african american,1 Moving,COWELL BL
1/22/20,01:08:54,hispanic/latino(a),2 Equipment,CHILES RD
1/22/20,22:59:15,black/african american,1 Moving,I 80 E
1/23/20,21:08:41,hispanic/latino(a),1 Moving,F ST
1/23/20,09:12:58,white,1 Moving,ALHAMBRA DR
1/24/20,23:13:28,white,2 Equipment,COWELL BL
1/24/20,15:09:44,white,3 Non-Moving,COWELL BL
1/24/20,22:15:33,black/african american,1 Moving,E 8TH ST
1/24/20,09:22:10,hispanic/latino(a),3 Non-Moving,CHILES RD
1/24/20,18:49:28,white,1 Moving,RICHARDS BL
1/24/20,14:24:34,white,3 Non-Moving,OLIVE DR
1/24/20,14:38:14,white,1 Moving,2ND ST
1/24/20,23:04:29,white,1 Moving,MACE BL
1/24/20,01:02:46,white,1 Moving,POLE LINE RD
1/24/20,15:26:44,white,3 Non-Moving,EL CEMONTE AV
1/24/20,22:28:33,mixed,2 Equipment,B ST
1/24/20,08:40:05,hispanic/latino(a),3 Non-Moving,MACE BL
1/24/20,12:07:07,white,3 Non-Moving,COWELL BL
1/24/20,21:03:04,middle eastern or south asian,2 Equipment,D ST
1/24/20,12:07:07,white,3 Non-Moving,COWELL BL
1/25/20,20:38:45,hispanic/latino(a),1 Moving,5TH ST
1/25/20,01:41:57,white,3 Non-Moving,2ND ST
1/25/20,08:04:45,white,1 Moving,POLE LINE RD
1/25/20,10:08:09,white,1 Moving,CHILES RD
1/25/20,21:02:11,middle eastern or south asian,2 Equipment,E 8TH ST
1/25/20,01:41:57,white,3 Non-Moving,2ND ST
1/25/20,23:39:04,white,1 Moving,B ST
1/26/20,20:41:54,hispanic/latino(a),1 Moving,2ND ST
1/26/20,22:04:11,middle eastern or south asian,1 Moving,B ST
1/26/20,23:14:13,hispanic/latino(a),3 Non-Moving,DRAKE DR
1/26/20,21:54:33,asian,1 Moving,B ST
1/26/20,14:19:38,white,1 Moving,5TH ST
1/26/20,21:25:04,middle eastern or south asian,2 Equipment,POLE LINE RD
1/26/20,22:50:29,hispanic/latino(a),1 Moving,ALHAMBRA DR
1/26/20,23:14:13,white,3 Non-Moving,DRAKE DR
1/26/20,22:44:37,white,3 Non-Moving,CHILES RD
1/26/20,18:17:33,hispanic/latino(a),2 Equipment,2ND ST
1/26/20,14:13:01,asian,1 Moving,5TH ST
1/27/20,13:56:29,asian,1 Moving,1ST ST
1/27/20,18:15:29,asian,1 Moving,W 8TH ST
1/27/20,22:45:45,white,2 Equipment,MACE BL
1/27/20,20:57:59,white,1 Moving,2ND ST
1/27/20,13:26:08,white,1 Moving,RICHARDS BL
1/27/20,19:47:46,white,2 Equipment,SYCAMORE LN
1/27/20,21:20:03,white,2 Equipment,I 80 E
1/27/20,14:49:31,white,2 Equipment,POLE LINE RD
1/27/20,23:33:29,hispanic/latino(a),2 Equipment,RICHARDS BL
1/27/20,18:57:56,asian,1 Moving,CANTRILL DR
1/27/20,14:06:00,asian,3 Non-Moving,1ST ST
1/27/20,14:49:31,white,2 Equipment,POLE LINE RD
1/27/20,22:22:10,hispanic/latino(a),2 Equipment,CHILES RD
1/27/20,13:43:49,hispanic/latino(a),1 Moving,1ST ST
1/27/20,18:35:53,white,1 Moving,SYCAMORE LN
1/27/20,12:54:22,black/african american,1 Moving,6TH ST
1/27/20,08:39:39,white,1 Moving,DANBURY ST
1/27/20,14:55:48,asian,1 Moving,ANDERSON RD
1/27/20,20:35:28,hispanic/latino(a),3 Non-Moving,RESEARCH PARK DR
1/27/20,12:00:53,white,1 Moving,1ST ST
1/28/20,23:05:07,white,2 Equipment,I 80 E
1/28/20,20:38:15,white,1 Moving,CHILES RD
1/28/20,10:02:53,white,1 Moving,SYCAMORE LN
1/28/20,20:08:15,black/african american,3 Non-Moving,POLE LINE RD
1/28/20,14:57:42,asian,1 Moving,COWELL BL
1/28/20,10:42:41,asian,2 Equipment,RICHARDS BL
1/28/20,08:18:39,hispanic/latino(a),3 Non-Moving,SYCAMORE LN
1/28/20,14:30:00,white,1 Moving,ASHLAND TR
1/28/20,16:16:14,white,2 Equipment,RUSSELL BL
1/28/20,09:23:57,asian,1 Moving,W COVELL BL
1/28/20,15:08:11,white,1 Moving,COWELL BL
1/28/20,08:32:44,white,1 Moving,COWELL BL
1/28/20,14:43:11,white,1 Moving,CHILES RD
1/28/20,16:30:29,asian,2 Equipment,HANOVER DR
1/28/20,13:25:08,white,1 Moving,ANDERSON RD
1/28/20,10:11:40,black/african american,1 Moving,1ST ST
1/28/20,08:43:49,white,1 Moving,W COVELL BL
1/28/20,19:09:30,hispanic/latino(a),1 Moving,CHILES RD
1/28/20,16:08:22,white,1 Moving,SYCAMORE LN
1/28/20,16:06:51,hispanic/latino(a),1 Moving,2ND ST
1/28/20,09:14:56,white,1 Moving,W COVELL BL
1/28/20,12:50:52,black/african american,1 Moving,ANDERSON RD
1/28/20,10:28:32,asian,1 Moving,1ST ST
1/28/20,17:01:54,white,3 Non-Moving,5TH ST
1/28/20,10:10:50,asian,1 Moving,SYCAMORE LN
1/29/20,08:42:19,asian,3 Non-Moving,E 8TH ST
1/29/20,15:14:50,black/african american,3 Non-Moving,HWY 113
1/29/20,11:10:53,white,1 Moving,WRIGHT BL
1/29/20,11:25:32,white,1 Moving,E COVELL BL
1/29/20,10:18:43,white,1 Moving,DREXEL DR
1/29/20,16:15:57,black/african american,3 Non-Moving,POLE LINE RD
1/29/20,15:27:11,white,3 Non-Moving,CHILES RD
1/29/20,09:54:12,asian,1 Moving,ANDERSON RD
1/29/20,21:48:40,hispanic/latino(a),2 Equipment,MACE BL
1/29/20,13:32:40,white,1 Moving,W 8TH ST
1/29/20,10:10:28,middle eastern or south asian,1 Moving,ANDERSON RD
1/29/20,15:58:17,black/african american,1 Moving,PORTAGE BAY EAST
1/29/20,17:10:49,white,1 Moving,CR32A
1/29/20,09:41:19,white,1 Moving,ALHAMBRA DR
1/29/20,09:12:13,hispanic/latino(a),1 Moving,CANTRILL DR
1/29/20,11:39:10,white,2 Equipment,POLE LINE RD
1/29/20,15:42:58,hispanic/latino(a),1 Moving,W COVELL BL
1/29/20,15:33:55,white,1 Moving,JOHN JONES RD
1/29/20,13:47:49,white,1 Moving,SYCAMORE LN
1/29/20,08:50:48,hispanic/latino(a),1 Moving,MONTGOMERY AV
1/29/20,13:09:42,middle eastern or south asian,1 Moving,SYCAMORE LN
1/29/20,15:39:19,hispanic/latino(a),3 Non-Moving,MACE BL
1/29/20,14:07:43,white,1 Moving,SYCAMORE LN
1/29/20,19:11:23,hispanic/latino(a),3 Non-Moving,HWY 113 N
1/29/20,12:48:33,hispanic/latino(a),1 Moving,W 8TH ST
1/29/20,22:48:10,white,1 Moving,RUSSELL BL
1/29/20,14:43:29,asian,2 Equipment,RUSSELL BL
1/29/20,08:39:06,white,1 Moving,MONTGOMERY AV
1/29/20,10:53:40,white,1 Moving,E COVELL BL
1/29/20,10:22:49,white,1 Moving,E COVELL BL
1/29/20,10:41:41,white,1 Moving,E COVELL BL
1/30/20,08:47:47,white,2 Equipment,C ST
1/30/20,20:03:13,white,3 Non-Moving,MACE BL
1/30/20,10:38:06,white,1 Moving,SYCAMORE LN
1/30/20,00:05:04,white,1 Moving,E COVELL BL
1/30/20,20:03:13,white,3 Non-Moving,MACE BL
1/30/20,10:48:39,asian,1 Moving,SYCAMORE LN
1/30/20,09:35:04,hispanic/latino(a),1 Moving,W COVELL BL
1/30/20,17:26:57,hispanic/latino(a),2 Equipment,HWY 113 S
1/30/20,10:53:10,white,1 Moving,W 8TH ST
1/30/20,10:20:40,white,1 Moving,2ND ST
1/30/20,02:19:19,asian,1 Moving,COWELL BL
1/30/20,11:01:37,white,1 Moving,SYCAMORE LN
1/31/20,22:32:28,black/african american,1 Moving,ANDERSON RD
1/31/20,22:15:09,asian,1 Moving,W 14TH ST
1/31/20,16:21:49,black/african american,1 Moving,LOYOLA DR
1/31/20,17:05:13,middle eastern or south asian,1 Moving,ARROYO AV
1/31/20,00:47:45,asian,1 Moving,RUSSELL BL
1/31/20,06:27:07,white,1 Moving,1ST ST
1/31/20,17:23:17,white,1 Moving,MONARCH LN
1/31/20,13:55:32,white,1 Moving,E 8TH ST
1/31/20,02:05:54,hispanic/latino(a),1 Moving,OLIVE DR
2/1/20,21:43:57,white,1 Moving,2ND ST
2/1/20,21:36:09,hispanic/latino(a),1 Moving,5TH ST
2/1/20,21:02:15,hispanic/latino(a),1 Moving,ANDERSON RD
2/1/20,22:24:02,black/african american,1 Moving,I 80 W
2/1/20,15:36:52,asian,1 Moving,RICHARDS BL
2/1/20,20:07:29,asian,1 Moving,5TH ST
2/1/20,02:59:27,white,1 Moving,ANDERSON RD
2/1/20,01:32:28,white,1 Moving,W 8TH ST
2/1/20,21:08:01,asian,2 Equipment,COWELL BL
2/2/20,20:54:43,hispanic/latino(a),2 Equipment,MACE BL
2/2/20,20:36:59,white,2 Equipment,ANDERSON RD
2/2/20,21:44:31,white,2 Equipment,RICHARDS BL
2/2/20,23:30:34,white,1 Moving,E 8TH ST
2/2/20,20:52:45,white,2 Equipment,W 8TH ST
2/2/20,20:25:51,asian,2 Equipment,RUSSELL BL
2/2/20,22:07:43,white,2 Equipment,J ST
2/2/20,20:32:44,asian,2 Equipment,RUSSELL BL
2/2/20,15:38:15,white,1 Moving,COWELL BL
2/2/20,19:43:26,hispanic/latino(a),1 Moving,ANDERSON RD
2/2/20,01:03:56,hispanic/latino(a),3 Non-Moving,RUSSELL BL
2/2/20,20:43:47,hispanic/latino(a),2 Equipment,POLE LINE RD
2/2/20,23:50:00,mixed,1 Moving,W COVELL BL
2/2/20,19:34:31,white,2 Equipment,ANDERSON RD
2/2/20,21:03:39,black/african american,2 Equipment,5TH ST
2/3/20,03:37:09,white,1 Moving,I 80 E
2/3/20,08:56:38,white,1 Moving,COWELL BL
2/3/20,22:38:51,white,3 Non-Moving,I 80 W
2/3/20,12:02:43,black/african american,1 Moving,ANDERSON RD
2/3/20,17:40:56,white,2 Equipment,ALHAMBRA DR
2/3/20,03:24:06,black/african american,1 Moving,F ST
2/3/20,13:02:20,asian,1 Moving,VILLANOVA DR
2/3/20,12:39:51,white,1 Moving,ANDERSON RD
2/3/20,17:02:08,hispanic/latino(a),2 Equipment,I 80 E
2/3/20,04:47:08,white,1 Moving,W COVELL BL
2/3/20,17:50:44,white,2 Equipment,COWELL BL
2/3/20,17:15:43,white,2 Equipment,CHILES RD
2/4/20,03:17:15,white,1 Moving,COWELL BL
2/4/20,22:34:36,white,3 Non-Moving,L ST
2/4/20,09:35:16,white,1 Moving,W 8TH ST
2/4/20,09:47:21,white,1 Moving,W 8TH ST
2/4/20,11:13:09,black/african american,1 Moving,ANDERSON RD
2/4/20,16:01:16,hispanic/latino(a),3 Non-Moving,MACE BL
2/4/20,22:34:36,middle eastern or south asian,3 Non-Moving,L ST
2/4/20,10:51:24,white,1 Moving,ANDERSON RD
2/4/20,16:34:15,asian,1 Moving,MOORE BL
2/4/20,00:07:28,hispanic/latino(a),1 Moving,POLE LINE RD
2/4/20,09:08:12,white,1 Moving,W 8TH ST
2/4/20,16:54:25,black/african american,2 Equipment,POLE LINE RD
2/4/20,16:14:13,middle eastern or south asian,3 Non-Moving,H ST
2/4/20,08:53:26,white,1 Moving,SYCAMORE LN
2/4/20,10:24:36,hispanic/latino(a),2 Equipment,E COVELL BL
2/4/20,11:40:47,asian,1 Moving,ANDERSON RD
2/5/20,15:59:48,white,3 Non-Moving,POLE LINE RD
2/5/20,09:21:14,middle eastern or south asian,1 Moving,OAK AV
2/5/20,14:59:44,black/african american,1 Moving,F ST
2/5/20,21:18:19,black/african american,2 Equipment,OLIVE DR
2/5/20,09:27:50,black/african american,1 Moving,E 8TH ST
2/5/20,16:45:20,white,3 Non-Moving,MACE BL
2/5/20,08:41:57,white,1 Moving,DANBURY ST
2/5/20,10:10:10,white,1 Moving,ANDERSON RD
2/5/20,12:48:10,asian,1 Moving,2ND ST
2/5/20,13:11:32,white,1 Moving,ANDERSON RD
2/5/20,08:53:48,white,1 Moving,E 14TH ST
2/5/20,10:49:07,white,1 Moving,SYCAMORE LN
2/5/20,09:08:38,white,1 Moving,W 14TH ST
2/5/20,16:33:08,white,1 Moving,MACE BL
2/5/20,13:11:13,white,1 Moving,2ND ST
2/5/20,00:03:23,white,3 Non-Moving,I 80 E
2/5/20,08:36:57,hispanic/latino(a),1 Moving,E 14TH ST
2/5/20,00:03:23,white,3 Non-Moving,I 80 E
2/5/20,09:37:28,white,3 Non-Moving,ANDERSON RD
2/5/20,13:35:04,hispanic/latino(a),1 Moving,CANTRILL DR
2/5/20,12:40:56,white,1 Moving,COWELL BL
2/5/20,09:27:50,black/african american,1 Moving,E 8TH ST
2/5/20,21:29:24,white,3 Non-Moving,OLIVE DR
2/5/20,08:44:42,hispanic/latino(a),1 Moving,5TH ST
2/5/20,09:53:03,asian,1 Moving,ANDERSON RD
2/5/20,17:24:47,black/african american,3 Non-Moving,2ND ST
2/5/20,01:29:54,asian,2 Equipment,LYNDELL TR
2/5/20,02:34:30,hispanic/latino(a),2 Equipment,4TH ST
2/5/20,10:32:35,hispanic/latino(a),1 Moving,ANDERSON RD
2/6/20,08:02:25,white,1 Moving,W COVELL BL
2/6/20,11:55:39,middle eastern or south asian,2 Equipment,ANDERSON RD
2/6/20,09:54:23,asian,1 Moving,E 8TH ST
2/6/20,20:09:50,hispanic/latino(a),2 Equipment,COWELL BL
2/6/20,15:17:33,black/african american,1 Moving,E 14TH ST
2/6/20,15:19:35,asian,1 Moving,E 8TH ST
2/6/20,10:00:22,white,1 Moving,LILLARD DR
2/6/20,22:53:29,white,1 Moving,W COVELL BL
2/6/20,08:36:42,asian,1 Moving,SYCAMORE LN
2/6/20,23:13:29,white,1 Moving,LAKE BL
2/6/20,23:21:05,asian,1 Moving,RUSSELL BL
2/6/20,12:47:50,hispanic/latino(a),2 Equipment,ANDERSON RD
2/6/20,23:06:48,hispanic/latino(a),1 Moving,W OLIVE DR
2/6/20,15:31:51,white,1 Moving,VILLANOVA DR
2/6/20,09:18:55,white,3 Non-Moving,RUSSELL BL
2/6/20,13:19:29,white,3 Non-Moving,W COVELL BL
2/6/20,09:36:59,white,2 Equipment,E ST
2/6/20,12:51:46,white,1 Moving,DANBURY ST
2/6/20,11:39:39,white,2 Equipment,ANDERSON RD
2/6/20,12:09:40,asian,1 Moving,ANDERSON RD
2/6/20,09:09:19,asian,1 Moving,SYCAMORE LN
2/6/20,20:35:18,middle eastern or south asian,2 Equipment,MACE BL
2/7/20,16:04:56,middle eastern or south asian,1 Moving,MACE BL
2/7/20,22:41:41,white,2 Equipment,5TH ST
2/7/20,21:12:22,white,3 Non-Moving,RUSSELL BL
2/7/20,12:14:36,white,1 Moving,RUSSELL BL
2/7/20,17:02:47,middle eastern or south asian,1 Moving,MACE BL
2/7/20,22:27:24,black/african american,2 Equipment,RUSSELL BL
2/7/20,14:22:18,white,1 Moving,I 80 E
2/7/20,22:17:12,middle eastern or south asian,2 Equipment,2ND ST
2/7/20,14:43:39,white,1 Moving,5TH ST
2/7/20,16:31:03,black/african american,1 Moving,MACE BL
2/7/20,16:40:34,white,1 Moving,MACE BL
2/7/20,15:37:39,white,1 Moving,MACE BL
2/7/20,17:00:02,asian,1 Moving,MACE BL
2/7/20,12:00:02,asian,1 Moving,3RD ST
2/7/20,23:46:41,white,2 Equipment,F ST
2/7/20,22:27:49,black/african american,1 Moving,LA RUE RD
2/7/20,17:43:12,white,1 Moving,MACE BL
2/7/20,11:08:46,white,1 Moving,CHILES RD
2/7/20,23:55:24,asian,2 Equipment,ANDERSON RD
2/7/20,16:25:16,hispanic/latino(a),1 Moving,MACE BL
2/7/20,17:55:07,middle eastern or south asian,1 Moving,MACE BL
2/7/20,14:35:39,hispanic/latino(a),1 Moving,COWELL BL
2/7/20,23:33:12,hispanic/latino(a),2 Equipment,DREW CI
2/7/20,16:18:40,middle eastern or south asian,1 Moving,MACE BL
2/7/20,16:47:25,middle eastern or south asian,1 Moving,MACE BL
2/7/20,16:56:44,middle eastern or south asian,1 Moving,MACE BL
2/7/20,23:38:55,white,2 Equipment,5TH ST
2/8/20,09:26:53,middle eastern or south asian,2 Equipment,ARLINGTON BL
2/8/20,21:44:42,hispanic/latino(a),1 Moving,F ST
2/8/20,09:17:22,white,1 Moving,5TH ST
2/8/20,23:23:28,black/african american,2 Equipment,DREW AV
2/8/20,23:47:59,hispanic/latino(a),2 Equipment,3RD ST
2/8/20,20:06:44,white,1 Moving,VILLANOVA DR
2/8/20,22:41:32,hispanic/latino(a),2 Equipment,COWELL BL
2/8/20,20:21:19,asian,3 Non-Moving,2ND ST
2/8/20,17:50:38,white,1 Moving,5TH ST
2/8/20,22:49:03,white,2 Equipment,RUSSELL BL
2/8/20,14:41:57,asian,1 Moving,ROCKWELL DR
2/8/20,05:23:11,white,1 Moving,5TH ST
2/9/20,01:31:19,white,2 Equipment,POLE LINE RD
2/9/20,22:21:39,white,1 Moving,POLE LINE RD
2/9/20,11:43:23,white,1 Moving,A ST
2/9/20,23:58:32,white,1 Moving,G ST
2/9/20,19:52:14,asian,2 Equipment,ANDERSON RD
2/9/20,22:02:20,hispanic/latino(a),1 Moving,ANDERSON RD
2/9/20,21:33:18,white,2 Equipment,3RD ST
2/9/20,01:16:54,white,3 Non-Moving,5TH ST
2/9/20,22:38:18,white,2 Equipment,POLE LINE RD
2/9/20,01:22:50,hispanic/latino(a),1 Moving,E COVELL BL
2/9/20,21:57:01,asian,1 Moving,2ND ST
2/9/20,21:51:47,white,2 Equipment,2ND ST
2/9/20,22:53:16,white,1 Moving,HWY 113
2/9/20,00:32:04,white,2 Equipment,RICHARDS BL
2/9/20,21:07:29,white,2 Equipment,RUSSELL BL
2/9/20,23:03:05,asian,2 Equipment,ANDERSON RD
2/10/20,14:30:23,white,1 Moving,W COVELL BL
2/10/20,09:36:10,hispanic/latino(a),1 Moving,3RD ST
2/10/20,14:06:00,white,1 Moving,J ST
2/10/20,17:34:58,black/african american,2 Equipment,L ST
2/10/20,18:57:10,asian,1 Moving,CANNERY LOOP
2/10/20,11:13:40,hispanic/latino(a),1 Moving,1ST ST
2/10/20,09:48:05,white,1 Moving,ANDERSON RD
2/10/20,13:58:46,black/african american,3 Non-Moving,W COVELL BL
2/10/20,09:22:55,white,1 Moving,ANDERSON RD
2/10/20,10:58:53,middle eastern or south asian,1 Moving,COWELL BL
2/10/20,14:26:18,white,1 Moving,ALICE ST
2/10/20,12:06:12,white,1 Moving,3RD ST
2/10/20,06:15:25,white,1 Moving,MACE BL
2/10/20,13:47:28,white,1 Moving,W COVELL BL
2/10/20,14:12:27,asian,1 Moving,J ST
2/10/20,06:23:28,white,1 Moving,MACE BL
2/10/20,08:24:00,white,3 Non-Moving,E COVELL BL
2/10/20,13:56:46,white,1 Moving,J ST
2/10/20,17:19:51,hispanic/latino(a),2 Equipment,OLIVE DR
2/10/20,15:59:32,white,1 Moving,GRANDE AV
2/10/20,09:36:10,hispanic/latino(a),1 Moving,3RD ST
2/10/20,12:13:45,white,1 Moving,E COVELL BL
2/10/20,14:59:01,white,2 Equipment,J ST
2/10/20,18:18:43,white,1 Moving,I 80 W
2/10/20,07:29:21,mixed,2 Equipment,W 8TH ST
2/10/20,09:36:10,hispanic/latino(a),1 Moving,3RD ST
2/10/20,10:05:30,black/african american,1 Moving,ANDERSON RD
2/11/20,20:14:31,white,3 Non-Moving,RICHARDS BL
2/11/20,22:53:37,middle eastern or south asian,1 Moving,F ST
2/11/20,15:10:07,white,3 Non-Moving,E 8TH ST
2/11/20,08:06:33,hispanic/latino(a),1 Moving,E 8TH ST
2/11/20,12:08:01,asian,1 Moving,ANDERSON RD
2/11/20,09:04:23,asian,1 Moving,2ND ST
2/11/20,10:58:43,hispanic/latino(a),1 Moving,W OLIVE DR
2/11/20,09:36:57,white,1 Moving,SYCAMORE LN
2/11/20,11:38:53,hispanic/latino(a),1 Moving,F ST
2/11/20,08:09:36,black/african american,2 Equipment,E 8TH ST
2/11/20,09:21:32,hispanic/latino(a),3 Non-Moving,CHILES RD
2/11/20,09:21:32,white,3 Non-Moving,CHILES RD
2/11/20,10:55:06,white,1 Moving,W COVELL BL
2/11/20,10:46:28,white,1 Moving,LYNDELL TR
2/11/20,09:54:50,hispanic/latino(a),1 Moving,ANDERSON RD
2/11/20,16:52:34,hispanic/latino(a),2 Equipment,RESEARCH PARK DR
2/11/20,09:43:23,white,1 Moving,SYCAMORE LN
2/11/20,20:28:05,hispanic/latino(a),2 Equipment,OLIVE DR
2/11/20,22:58:42,hispanic/latino(a),1 Moving,F ST
2/11/20,11:49:23,middle eastern or south asian,1 Moving,ANDERSON RD
2/11/20,09:47:43,asian,1 Moving,SYCAMORE LN
2/11/20,12:36:56,asian,3 Non-Moving,L ST
2/11/20,17:15:38,white,2 Equipment,CHESTNUT LN
2/11/20,08:44:45,white,1 Moving,W 8TH ST
2/11/20,08:58:33,white,1 Moving,W 8TH ST
2/11/20,10:11:02,asian,1 Moving,BOSTON TR
2/12/20,00:09:09,white,2 Equipment,OLIVE DR
2/12/20,11:24:54,asian,1 Moving,1ST ST
2/12/20,10:49:33,white,1 Moving,2ND ST
2/12/20,08:36:25,white,1 Moving,3RD ST
2/12/20,11:02:38,hispanic/latino(a),3 Non-Moving,CANTRILL DR
2/12/20,17:09:33,black/african american,2 Equipment,I 80 E
2/12/20,17:09:33,black/african american,2 Equipment,I 80 E
2/12/20,11:09:03,hispanic/latino(a),1 Moving,ANDERSON RD
2/12/20,10:50:29,asian,1 Moving,ANDERSON RD
2/12/20,22:19:16,black/african american,3 Non-Moving,CHILES RD
2/12/20,14:48:09,white,1 Moving,DA VINCI CT
2/12/20,10:25:54,asian,1 Moving,2ND ST
2/12/20,10:33:22,white,3 Non-Moving,K ST
2/12/20,08:48:44,white,1 Moving,3RD ST
2/12/20,11:01:25,black/african american,2 Equipment,F ST
2/12/20,08:38:29,asian,1 Moving,3RD ST
2/12/20,08:42:00,hispanic/latino(a),1 Moving,EMERALD BAY DR
2/12/20,08:36:40,white,1 Moving,W COVELL BL
2/12/20,08:43:19,white,1 Moving,3RD ST
2/12/20,17:03:20,white,3 Non-Moving,5TH ST
2/12/20,08:45:44,hispanic/latino(a),1 Moving,W COVELL BL
2/12/20,11:33:39,mixed,1 Moving,E 14TH ST
2/12/20,08:27:19,hispanic/latino(a),1 Moving,F ST
2/12/20,16:26:47,asian,1 Moving,5TH ST
2/13/20,22:34:02,middle eastern or south asian,1 Moving,DREXEL DR
2/13/20,12:58:21,white,1 Moving,E 14TH ST
2/13/20,15:38:46,hispanic/latino(a),1 Moving,COWELL BL
2/13/20,11:56:47,asian,1 Moving,ANDERSON RD
2/13/20,14:46:47,white,1 Moving,SYCAMORE LN
2/13/20,10:48:22,mixed,2 Equipment,RICHARDS BL
2/13/20,16:33:41,white,3 Non-Moving,POLE LINE RD
2/13/20,12:36:45,asian,1 Moving,RADCLIFFE DR
2/13/20,10:41:43,white,1 Moving,1ST ST
2/13/20,12:15:38,white,1 Moving,VILLANOVA DR
2/13/20,14:36:15,white,1 Moving,SYCAMORE LN
2/13/20,14:11:02,white,3 Non-Moving,J ST
2/13/20,11:24:37,asian,1 Moving,B ST
2/13/20,11:39:34,white,1 Moving,F ST
2/14/20,22:30:43,middle eastern or south asian,2 Equipment,RUSSELL BL
2/14/20,15:59:50,white,1 Moving,ANDERSON RD
2/14/20,22:07:11,middle eastern or south asian,2 Equipment,W COVELL BL
2/14/20,11:19:37,white,3 Non-Moving,E 8TH ST
2/14/20,23:18:26,black/african american,2 Equipment,F ST
2/14/20,23:38:28,white,2 Equipment,COWELL BL
2/14/20,23:28:32,white,2 Equipment,RICHARDS BL
2/14/20,22:53:56,hispanic/latino(a),3 Non-Moving,F ST
2/15/20,00:53:09,white,2 Equipment,E ST
2/15/20,02:46:43,hispanic/latino(a),2 Equipment,W COVELL BL
2/15/20,22:26:06,black/african american,3 Non-Moving,RESEARCH PARK DR
2/15/20,02:53:17,asian,1 Moving,ALVARADO AV
2/15/20,00:21:12,hispanic/latino(a),2 Equipment,5TH ST
2/15/20,03:08:29,asian,1 Moving,E ST
2/15/20,21:38:00,white,2 Equipment,LA RUE RD
2/15/20,02:29:16,middle eastern or south asian,1 Moving,E ST
2/15/20,23:16:23,white,2 Equipment,CHILES RD
2/15/20,03:08:18,asian,1 Moving,W COVELL BL
2/15/20,10:39:09,hispanic/latino(a),1 Moving,E COVELL BL
2/15/20,22:51:36,asian,2 Equipment,COWELL BL
2/16/20,21:56:04,middle eastern or south asian,1 Moving,2ND ST
2/16/20,02:00:03,white,2 Equipment,5TH ST
2/16/20,00:49:19,hispanic/latino(a),2 Equipment,5TH ST
2/16/20,03:33:22,hispanic/latino(a),2 Equipment,COWELL BL
2/16/20,00:24:31,white,2 Equipment,5TH ST
2/16/20,21:25:53,white,2 Equipment,B ST
2/16/20,01:23:11,black/african american,2 Equipment,2ND ST
2/16/20,00:01:39,white,2 Equipment,LA RUE RD
2/17/20,12:01:16,white,2 Equipment,HAMEL ST
2/17/20,18:12:07,white,2 Equipment,MACE BL
2/17/20,16:27:41,asian,1 Moving,LILLARD DR
2/17/20,23:11:02,black/african american,2 Equipment,OLIVE DR
2/17/20,00:24:40,hispanic/latino(a),2 Equipment,G ST
2/17/20,11:47:11,white,1 Moving,COWELL BL
2/17/20,22:40:49,hispanic/latino(a),2 Equipment,MACE BL
2/17/20,00:14:22,hispanic/latino(a),2 Equipment,W OLIVE DR
2/18/20,21:08:05,white,3 Non-Moving,I 80 W
2/18/20,23:29:36,mixed,3 Non-Moving,RESEARCH PARK DR
2/18/20,09:20:50,middle eastern or south asian,1 Moving,DANBURY ST
2/18/20,23:15:52,white,3 Non-Moving,I 80 W
2/18/20,04:27:09,black/african american,2 Equipment,COWELL BL
2/18/20,09:54:19,white,3 Non-Moving,3RD ST
2/18/20,22:26:16,asian,2 Equipment,POLE LINE RD
2/18/20,08:34:00,white,1 Moving,LOYOLA DR
2/18/20,15:57:36,black/african american,2 Equipment,CHILES RD
2/18/20,08:44:50,white,1 Moving,TEMPLE DR
2/19/20,17:36:11,black/african american,2 Equipment,I 80 E
2/19/20,19:19:42,black/african american,3 Non-Moving,RICHARDS BL
2/19/20,09:59:23,white,1 Moving,RUSSELL BL
2/19/20,08:22:51,hispanic/latino(a),3 Non-Moving,LILLARD DR
2/19/20,15:01:29,hispanic/latino(a),1 Moving,3RD ST
2/19/20,14:56:29,white,1 Moving,LOYOLA DR
2/20/20,23:55:14,white,2 Equipment,COWELL BL
2/20/20,17:50:21,black/african american,3 Non-Moving,MACE BL
2/20/20,18:29:37,middle eastern or south asian,1 Moving,MACE BL
2/20/20,04:38:57,white,2 Equipment,I 80 W
2/20/20,21:04:15,white,2 Equipment,3RD ST
2/20/20,22:15:31,white,3 Non-Moving,CHILES RD
2/20/20,23:20:13,white,3 Non-Moving,I 80 W
2/20/20,00:44:52,white,3 Non-Moving,COWELL BL
2/20/20,17:47:41,hispanic/latino(a),2 Equipment,RESEARCH PARK DR
2/20/20,02:44:23,white,1 Moving,SYCAMORE LN
2/20/20,17:24:59,black/african american,2 Equipment,I 80 E
2/20/20,21:14:51,white,2 Equipment,HWY 113 N
2/20/20,01:53:12,black/african american,3 Non-Moving,COWELL BL
2/21/20,02:00:34,white,1 Moving,RICHARDS BL
2/21/20,15:17:09,hispanic/latino(a),3 Non-Moving,MACE BL
2/21/20,15:05:07,hispanic/latino(a),1 Moving,MACE BL
2/21/20,20:19:23,asian,1 Moving,I 80 W
2/21/20,21:19:59,asian,2 Equipment,F ST
2/21/20,14:13:48,white,1 Moving,POLE LINE RD
2/21/20,21:06:49,white,3 Non-Moving,COWELL BL
2/22/20,22:07:14,white,1 Moving,E COVELL BL
2/22/20,22:13:44,white,2 Equipment,MACE BL
2/23/20,07:39:05,white,2 Equipment,RUSSELL BL
2/23/20,21:38:23,middle eastern or south asian,1 Moving,COWELL BL
2/23/20,22:59:30,hispanic/latino(a),1 Moving,I 80 E
2/24/20,19:50:51,hispanic/latino(a),3 Non-Moving,2ND ST
2/24/20,14:31:44,black/african american,3 Non-Moving,I 80 W
2/24/20,04:03:22,white,1 Moving,OLIVE DR
2/24/20,18:12:54,hispanic/latino(a),3 Non-Moving,E 8TH ST
2/24/20,03:53:58,white,1 Moving,CHILES RD
2/24/20,13:21:45,white,3 Non-Moving,B ST
2/25/20,17:16:47,black/african american,2 Equipment,CHILES RD
2/25/20,22:09:51,hispanic/latino(a),2 Equipment,W COVELL BL
2/25/20,15:44:34,hispanic/latino(a),2 Equipment,MACE BL
2/25/20,09:00:57,white,1 Moving,RUSSELL BL
2/25/20,23:03:38,white,3 Non-Moving,FERMI PL
2/25/20,22:43:34,white,2 Equipment,OLIVE DR
2/25/20,23:54:14,hispanic/latino(a),3 Non-Moving,WRIGHT BL
2/25/20,17:49:50,black/african american,3 Non-Moving,CHESTNUT PL
2/25/20,15:21:15,hispanic/latino(a),3 Non-Moving,W COVELL BL
2/25/20,04:50:20,black/african american,1 Moving,E ST
2/26/20,15:59:13,white,2 Equipment,EL CEMONTE AV
2/26/20,22:01:21,middle eastern or south asian,2 Equipment,5TH ST
2/26/20,20:25:08,asian,2 Equipment,L ST
2/26/20,16:28:41,black/african american,3 Non-Moving,E 8TH ST
2/26/20,00:12:31,asian,1 Moving,W COVELL BL
2/26/20,23:27:35,asian,1 Moving,LA RUE RD
2/27/20,22:55:59,middle eastern or south asian,1 Moving,G ST
2/27/20,09:21:33,hispanic/latino(a),2 Equipment,2ND ST
2/27/20,08:38:28,hispanic/latino(a),1 Moving,LILLARD DR
2/27/20,22:16:40,hispanic/latino(a),2 Equipment,COWELL BL
2/27/20,22:35:12,black/african american,2 Equipment,ALHAMBRA DR
2/27/20,23:30:40,hispanic/latino(a),1 Moving,F ST
2/27/20,10:18:50,white,1 Moving,5TH ST
2/27/20,10:28:00,white,2 Equipment,5TH ST
2/27/20,20:28:47,white,2 Equipment,W 8TH ST
2/27/20,22:51:16,black/african american,3 Non-Moving,G ST
2/27/20,22:46:35,asian,1 Moving,MACE BL
2/28/20,10:01:26,white,1 Moving,5TH ST
2/28/20,11:40:21,white,1 Moving,F ST
2/28/20,21:44:25,white,1 Moving,L ST
2/28/20,00:57:31,mixed,1 Moving,E COVELL BL
2/28/20,22:41:18,hispanic/latino(a),2 Equipment,E ST
2/28/20,23:07:24,hispanic/latino(a),1 Moving,2ND ST
2/28/20,20:16:44,white,2 Equipment,E ST
2/28/20,22:29:34,hispanic/latino(a),1 Moving,E COVELL BL
2/28/20,22:12:18,white,1 Moving,E COVELL BL
2/28/20,02:06:24,white,1 Moving,RESEARCH PARK DR
2/28/20,22:53:52,hispanic/latino(a),1 Moving,E COVELL BL
2/28/20,22:43:50,asian,1 Moving,E COVELL BL
2/28/20,10:08:00,asian,1 Moving,4TH ST
2/28/20,23:26:33,middle eastern or south asian,1 Moving,MACE BL
2/29/20,21:42:35,white,1 Moving,E COVELL BL
2/29/20,01:37:13,asian,1 Moving,LYNDELL TR
2/29/20,03:38:19,asian,1 Moving,RUSSELL BL
2/29/20,21:55:07,hispanic/latino(a),1 Moving,ALHAMBRA DR
2/29/20,20:12:50,middle eastern or south asian,1 Moving,MACE BL
2/29/20,20:01:01,asian,1 Moving,MACE BL
2/29/20,00:02:07,black/african american,1 Moving,CHILES RD
2/29/20,22:48:50,asian,1 Moving,5TH ST
2/29/20,00:26:19,hispanic/latino(a),1 Moving,G ST
2/29/20,00:21:21,white,1 Moving,E COVELL BL
3/1/20,05:27:16,hispanic/latino(a),1 Moving,I 80 W
3/1/20,06:37:00,hispanic/latino(a),1 Moving,5TH ST
3/1/20,23:27:27,asian,1 Moving,E COVELL BL
3/1/20,05:06:11,black/african american,1 Moving,I 80 E
3/1/20,13:33:36,white,3 Non-Moving,5TH ST
3/1/20,23:54:30,white,1 Moving,W 8TH ST
3/1/20,04:37:36,hispanic/latino(a),1 Moving,J ST
3/1/20,03:28:20,hispanic/latino(a),1 Moving,I 80 E
3/1/20,23:19:42,hispanic/latino(a),3 Non-Moving,COWELL BL
3/1/20,13:21:10,white,2 Equipment,W 8TH ST
3/1/20,21:25:33,hispanic/latino(a),1 Moving,E COVELL BL
3/1/20,23:50:58,hispanic/latino(a),1 Moving,ANDERSON RD
3/1/20,21:35:03,white,3 Non-Moving,ALHAMBRA DR
3/1/20,00:39:11,black/african american,1 Moving,E 8TH ST
3/2/20,05:17:36,hispanic/latino(a),1 Moving,MACE BL
3/2/20,16:19:30,black/african american,3 Non-Moving,E 14TH ST
3/2/20,08:32:57,mixed,1 Moving,MONTGOMERY AV
3/2/20,18:24:12,white,1 Moving,E ST
3/2/20,14:56:19,white,1 Moving,E 8TH ST
3/2/20,03:38:07,hispanic/latino(a),1 Moving,RUSSELL BL
3/2/20,11:39:03,hispanic/latino(a),2 Equipment,E 8TH ST
3/2/20,18:53:14,asian,1 Moving,RICHARDS BL
3/2/20,01:39:14,white,1 Moving,E COVELL BL
3/2/20,06:04:41,hispanic/latino(a),1 Moving,E COVELL BL
3/2/20,03:17:42,white,1 Moving,E COVELL BL
3/2/20,18:49:23,black/african american,2 Equipment,OLIVE DR
3/2/20,02:53:00,asian,1 Moving,E COVELL BL
3/3/20,11:34:00,mixed,2 Equipment,F ST
3/3/20,00:58:56,white,3 Non-Moving,COWELL BL
3/3/20,11:20:37,white,2 Equipment,CHESTNUT LN
3/3/20,12:46:01,white,1 Moving,J ST
3/3/20,20:53:08,white,1 Moving,CATALINA DR
3/3/20,10:32:06,black/african american,2 Equipment,RICHARDS BL
3/3/20,10:30:31,hispanic/latino(a),1 Moving,MOORE BL
3/3/20,10:27:53,white,1 Moving,POLE LINE RD
3/3/20,09:22:27,black/african american,2 Equipment,2ND ST
3/3/20,09:57:31,white,1 Moving,CANTRILL DR
3/3/20,16:40:16,white,2 Equipment,CHESTNUT LN
3/3/20,01:36:30,asian,1 Moving,5TH ST
3/3/20,08:34:55,black/african american,2 Equipment,E COVELL BL
3/3/20,08:53:42,hispanic/latino(a),1 Moving,LA RUE RD
3/3/20,23:38:19,asian,1 Moving,I 80 E
3/3/20,10:12:40,white,1 Moving,1ST ST
3/3/20,20:22:39,hispanic/latino(a),2 Equipment,L ST
3/3/20,10:30:31,white,1 Moving,MOORE BL
3/3/20,15:35:16,white,3 Non-Moving,F ST
3/3/20,09:51:20,asian,1 Moving,1ST ST
3/3/20,11:33:42,white,1 Moving,ANDERSON RD
3/3/20,23:57:48,asian,1 Moving,4TH ST
3/4/20,14:28:46,white,3 Non-Moving,SHASTA DR
3/4/20,15:23:25,hispanic/latino(a),2 Equipment,J ST
3/4/20,15:45:51,hispanic/latino(a),2 Equipment,OLIVE DR
3/4/20,02:45:44,white,2 Equipment,2ND ST
3/4/20,21:16:34,hispanic/latino(a),3 Non-Moving,E 8TH ST
3/4/20,08:26:21,white,1 Moving,CALIFORNIA AV
3/4/20,09:32:15,white,1 Moving,ANDERSON RD
3/4/20,09:37:50,white,1 Moving,2ND ST
3/4/20,09:26:29,white,1 Moving,W 14TH ST
3/4/20,12:23:25,white,1 Moving,COWELL BL
3/4/20,10:48:51,hispanic/latino(a),2 Equipment,5TH ST
3/4/20,14:10:45,white,2 Equipment,L ST
3/4/20,09:33:43,asian,2 Equipment,BIANCO CT
3/4/20,08:28:06,black/african american,1 Moving,E 14TH ST
3/4/20,08:49:19,white,2 Equipment,F ST
3/5/20,15:59:52,white,1 Moving,POLE LINE RD
3/5/20,01:41:52,black/african american,1 Moving,MACE BL
3/5/20,08:28:55,white,1 Moving,E COVELL BL
3/5/20,15:54:35,white,1 Moving,CR32B
3/5/20,22:07:09,white,2 Equipment,W COVELL BL
3/5/20,10:41:38,white,3 Non-Moving,L ST
3/5/20,15:24:04,white,3 Non-Moving,POLE LINE RD
3/5/20,22:03:54,white,3 Non-Moving,5TH ST
3/5/20,15:26:34,white,2 Equipment,COWELL BL
3/5/20,09:20:23,white,3 Non-Moving,E 8TH ST
3/5/20,22:33:13,black/african american,1 Moving,I 80 E
3/5/20,08:38:38,hispanic/latino(a),1 Moving,ANDERSON RD
3/5/20,08:27:57,white,1 Moving,ANDERSON RD
3/5/20,10:41:38,white,3 Non-Moving,L ST
3/5/20,08:25:51,asian,1 Moving,F ST
3/6/20,01:42:49,asian,2 Equipment,2ND ST
3/6/20,09:13:55,white,3 Non-Moving,RUSSELL BL
3/6/20,15:01:12,asian,1 Moving,I ST
3/6/20,01:33:59,white,1 Moving,3RD ST
3/7/20,21:39:47,white,1 Moving,RUSSELL BL
3/7/20,00:58:49,hispanic/latino(a),1 Moving,RUSSELL BL
3/7/20,01:31:01,white,2 Equipment,E COVELL BL
3/7/20,23:03:14,hispanic/latino(a),1 Moving,POLE LINE RD
3/7/20,01:15:30,white,1 Moving,E COVELL BL
3/7/20,18:15:58,white,1 Moving,COWELL BL
3/7/20,00:36:52,white,1 Moving,E COVELL BL
3/7/20,01:21:17,asian,1 Moving,E COVELL BL
3/8/20,06:37:50,asian,1 Moving,I 80 E
3/8/20,22:10:35,hispanic/latino(a),1 Moving,F ST
3/8/20,03:11:50,middle eastern or south asian,2 Equipment,RUSSELL BL
3/8/20,00:11:11,white,2 Equipment,B ST
3/8/20,09:11:33,white,1 Moving,SYCAMORE LN
3/8/20,23:21:35,hispanic/latino(a),2 Equipment,W COVELL BL
3/8/20,00:20:31,white,2 Equipment,W 8TH ST
3/8/20,06:19:41,white,1 Moving,E COVELL BL
3/8/20,10:15:46,white,1 Moving,PURDUE DR
3/8/20,10:06:16,white,1 Moving,HWY 113 S
3/8/20,11:27:45,white,1 Moving,E 8TH ST
3/8/20,21:33:34,hispanic/latino(a),1 Moving,ANDERSON RD
3/8/20,21:36:56,hispanic/latino(a),1 Moving,ANDERSON RD
3/8/20,01:01:35,hispanic/latino(a),2 Equipment,2ND ST
3/8/20,09:24:55,white,1 Moving,HWY 113 N
3/8/20,06:09:56,white,2 Equipment,E 8TH ST
3/8/20,04:58:50,black/african american,2 Equipment,MACE BL
3/8/20,00:02:40,middle eastern or south asian,1 Moving,E 8TH ST
3/8/20,21:23:41,asian,1 Moving,W 8TH ST
3/8/20,10:28:53,mixed,1 Moving,W 8TH ST
3/8/20,06:52:48,asian,1 Moving,MACE BL
3/8/20,15:47:13,asian,1 Moving,W COVELL BL
3/9/20,03:09:00,asian,1 Moving,I 80 E
3/9/20,00:36:28,middle eastern or south asian,1 Moving,RUSSELL BL
3/9/20,03:37:29,white,2 Equipment,F ST
3/9/20,01:01:24,black/african american,2 Equipment,POLE LINE RD
3/9/20,02:22:16,hispanic/latino(a),2 Equipment,SYCAMORE LN
3/10/20,14:43:59,white,1 Moving,PACIFIC DR
3/10/20,16:43:07,hispanic/latino(a),2 Equipment,RESEARCH PARK DR
3/10/20,08:23:48,hispanic/latino(a),1 Moving,E 14TH ST
3/10/20,15:10:20,white,1 Moving,RUSSELL BL
3/10/20,08:34:07,white,1 Moving,SYCAMORE LN
3/10/20,08:11:54,black/african american,2 Equipment,CHILES RD
3/10/20,14:45:21,mixed,2 Equipment,E COVELL BL
3/10/20,12:35:47,middle eastern or south asian,1 Moving,RUSSELL BL
3/10/20,07:20:05,white,1 Moving,COWELL BL
3/10/20,15:27:05,white,2 Equipment,CANNERY LOOP
3/10/20,09:43:17,asian,1 Moving,E COVELL BL
3/10/20,08:26:16,mixed,1 Moving,DANBURY ST
3/10/20,07:48:26,white,1 Moving,ALHAMBRA DR
3/11/20,07:29:04,white,3 Non-Moving,CHILES RD
3/11/20,02:19:37,hispanic/latino(a),2 Equipment,5TH ST
3/11/20,18:31:48,white,2 Equipment,COWELL BL
3/12/20,22:40:36,black/african american,2 Equipment,RUSSELL BL
3/13/20,09:20:27,white,2 Equipment,VILLANOVA DR
3/14/20,15:47:36,white,2 Equipment,CR32B
3/14/20,16:14:37,black/african american,1 Moving,MERCEDES AV
3/15/20,21:25:43,hispanic/latino(a),2 Equipment,SYCAMORE LN
3/15/20,20:26:42,white,1 Moving,F ST
3/15/20,08:02:09,white,1 Moving,LOYOLA DR
3/15/20,14:00:12,asian,1 Moving,RICHARDS BL
3/16/20,05:42:52,white,1 Moving,I 80 E
3/17/20,08:12:45,black/african american,1 Moving,2ND ST
3/17/20,08:26:19,asian,1 Moving,2ND ST
3/17/20,19:42:24,white,2 Equipment,RICHARDS BL
3/17/20,11:16:00,white,1 Moving,CALIFORNIA AV
3/17/20,17:01:04,white,3 Non-Moving,CHILES RD
3/18/20,21:48:20,white,3 Non-Moving,POLE LINE RD
3/18/20,22:18:01,asian,1 Moving,W COVELL BL
3/22/20,00:38:57,black/african american,1 Moving,W 8TH ST
3/23/20,15:37:09,asian,2 Equipment,G ST
3/23/20,02:40:04,asian,2 Equipment,COWELL BL
3/24/20,19:16:55,hispanic/latino(a),3 Non-Moving,ALHAMBRA DR
3/25/20,22:52:32,asian,1 Moving,I 80 E
3/28/20,01:24:08,middle eastern or south asian,1 Moving,E COVELL BL
3/28/20,21:07:17,hispanic/latino(a),2 Equipment,2ND ST
3/28/20,00:27:15,asian,1 Moving,RICHARDS BL
3/28/20,06:27:49,white,2 Equipment,E COVELL BL
3/29/20,20:39:26,black/african american,2 Equipment,MACE BL
3/29/20,19:05:36,white,1 Moving,E COVELL BL
3/29/20,18:57:45,hispanic/latino(a),1 Moving,E COVELL BL
3/29/20,05:57:43,hispanic/latino(a),1 Moving,E COVELL BL
3/29/20,18:48:46,white,1 Moving,E COVELL BL
3/29/20,19:19:29,white,1 Moving,I 80 W
4/1/20,19:45:25,white,1 Moving,I 80 W
4/5/20,23:24:51,hispanic/latino(a),1 Moving,RUSSELL BL
4/5/20,01:54:23,white,2 Equipment,W COVELL BL
4/12/20,05:54:58,hispanic/latino(a),1 Moving,I 80 E
4/12/20,00:01:49,hispanic/latino(a),1 Moving,COWELL BL
4/12/20,05:38:20,white,1 Moving,I 80 E
4/12/20,00:14:04,black/african american,1 Moving,W COVELL BL
4/13/20,21:45:13,white,2 Equipment,5TH ST
4/13/20,15:43:55,white,3 Non-Moving,ALHAMBRA DR
4/14/20,22:00:10,white,1 Moving,ALHAMBRA DR
4/14/20,18:51:40,white,3 Non-Moving,C ST
4/14/20,15:30:57,hispanic/latino(a),2 Equipment,OLIVE DR
4/15/20,21:18:00,white,3 Non-Moving,GLIDE DR
4/17/20,21:23:25,white,1 Moving,F ST
4/18/20,00:10:21,asian,3 Non-Moving,W 14TH ST
4/18/20,21:09:08,hispanic/latino(a),1 Moving,MACE BL
4/18/20,22:35:43,middle eastern or south asian,1 Moving,E COVELL BL
4/18/20,22:50:09,white,1 Moving,MACE BL
4/18/20,22:13:37,hispanic/latino(a),1 Moving,MACE BL
4/18/20,21:20:30,hispanic/latino(a),1 Moving,MACE BL
4/18/20,22:27:33,white,1 Moving,MACE BL
4/19/20,02:15:27,white,1 Moving,I 80 E
4/19/20,05:02:37,mixed,1 Moving,I 80 E
4/19/20,20:59:23,hispanic/latino(a),1 Moving,E COVELL BL
4/19/20,23:07:03,black/african american,3 Non-Moving,MACE BL
4/20/20,04:29:46,white,1 Moving,5TH ST
4/20/20,19:19:56,hispanic/latino(a),2 Equipment,MACE BL
4/20/20,21:03:12,white,1 Moving,MACE BL
4/20/20,00:19:25,black/african american,1 Moving,I 80 E
4/20/20,05:17:05,white,2 Equipment,2ND ST
4/20/20,20:49:54,hispanic/latino(a),1 Moving,CR32B
4/21/20,02:13:11,white,2 Equipment,2ND ST
4/21/20,18:02:10,hispanic/latino(a),1 Moving,CHILES RD
4/21/20,01:45:10,white,2 Equipment,5TH ST
4/21/20,21:02:56,white,1 Moving,E COVELL BL
4/21/20,19:21:21,white,1 Moving,ANDERSON RD
4/21/20,20:23:00,white,3 Non-Moving,CHILES RD
4/21/20,17:10:15,white,2 Equipment,POMONA DR
4/22/20,19:17:15,white,1 Moving,2ND ST
4/23/20,20:46:28,hispanic/latino(a),3 Non-Moving,W COVELL BL
4/23/20,18:42:11,hispanic/latino(a),1 Moving,LEHIGH DR
4/23/20,15:47:34,white,1 Moving,2ND ST
4/25/20,22:42:38,asian,1 Moving,COWELL BL
4/26/20,04:03:34,white,1 Moving,E COVELL BL
4/26/20,20:12:32,white,1 Moving,W OLIVE DR
4/26/20,22:02:48,white,2 Equipment,COWELL BL
4/26/20,08:57:16,white,1 Moving,LAKE BL
4/27/20,23:52:55,hispanic/latino(a),3 Non-Moving,
4/27/20,00:39:05,hispanic/latino(a),1 Moving,F ST
4/29/20,21:44:34,hispanic/latino(a),1 Moving,POLE LINE RD
4/30/20,19:06:34,hispanic/latino(a),2 Equipment,CHILES RD
5/1/20,20:54:32,white,1 Moving,HUMBOLDT AV
5/3/20,02:02:55,asian,1 Moving,S CAMPUS WY
5/3/20,00:17:03,hispanic/latino(a),1 Moving,F ST
5/3/20,21:47:22,hispanic/latino(a),1 Moving,F ST
5/7/20,10:26:34,hispanic/latino(a),1 Moving,ALHAMBRA DR
5/7/20,19:51:21,hispanic/latino(a),1 Moving,I 80 E
5/10/20,18:23:42,hispanic/latino(a),1 Moving,5TH ST
5/10/20,18:28:53,white,1 Moving,2ND ST
5/10/20,18:38:27,black/african american,1 Moving,MACE BL
5/10/20,18:46:48,hispanic/latino(a),1 Moving,CHILES RD
5/10/20,18:58:17,white,3 Non-Moving,5TH ST
5/10/20,20:19:38,asian,1 Moving,ALHAMBRA DR
5/10/20,21:34:06,hispanic/latino(a),1 Moving,ALHAMBRA DR
5/10/20,21:52:11,white,1 Moving,ALHAMBRA DR
5/10/20,22:00:58,white,1 Moving,ALHAMBRA DR
5/10/20,23:53:45,black/african american,2 Equipment,CHILES RD
5/10/20,04:22:12,hispanic/latino(a),1 Moving,I 80 E
5/10/20,20:13:08,asian,2 Equipment,ALHAMBRA DR
5/10/20,20:04:36,asian,1 Moving,ALHAMBRA DR
5/10/20,06:19:00,black/african american,1 Moving,I 80 W
5/10/20,00:17:46,asian,1 Moving,5TH ST
5/11/20,00:54:06,hispanic/latino(a),1 Moving,I 80 E
5/11/20,11:10:56,asian,1 Moving,VIA COLONNA TR
5/11/20,10:56:29,white,1 Moving,ALHAMBRA DR
5/11/20,09:48:35,white,1 Moving,ALHAMBRA DR
5/11/20,09:22:23,white,1 Moving,ALHAMBRA DR
5/12/20,05:03:07,white,2 Equipment,1ST ST
5/13/20,04:44:44,black/african american,3 Non-Moving,RESEARCH PARK DR
5/13/20,23:45:09,black/african american,1 Moving,MACE BL
5/14/20,07:33:11,hispanic/latino(a),1 Moving,CHILES RD
5/16/20,22:33:59,white,2 Equipment,E COVELL BL
5/17/20,21:44:32,white,1 Moving,MILLER DR
5/17/20,04:37:00,hispanic/latino(a),3 Non-Moving,CR32A
5/17/20,18:37:55,white,3 Non-Moving,DREW AV
5/18/20,01:24:22,white,1 Moving,E 8TH ST
5/19/20,21:15:11,asian,1 Moving,CANTRILL DR
5/19/20,00:58:45,white,2 Equipment,MACE BL
5/21/20,20:59:18,white,3 Non-Moving,I 80 E
5/21/20,21:15:54,black/african american,2 Equipment,CHILES RD
5/22/20,16:46:58,hispanic/latino(a),1 Moving,3RD ST
5/23/20,22:17:34,white,1 Moving,E COVELL BL
5/23/20,22:27:59,white,1 Moving,E COVELL BL
5/24/20,22:19:28,hispanic/latino(a),2 Equipment,W COVELL BL
5/24/20,19:57:28,middle eastern or south asian,1 Moving,I 80 E
5/24/20,19:14:01,mixed,1 Moving,CHILES RD
5/25/20,05:17:33,white,1 Moving,MACE BL
5/25/20,05:50:47,hispanic/latino(a),1 Moving,MACE BL
5/25/20,15:32:07,middle eastern or south asian,1 Moving,I 80 E
5/25/20,23:20:25,white,3 Non-Moving,I 80 E
5/25/20,14:36:23,white,1 Moving,RICHARDS BL
5/26/20,08:48:28,white,2 Equipment,F ST
5/26/20,20:08:35,white,2 Equipment,CHILES RD
5/26/20,11:25:52,hispanic/latino(a),1 Moving,RICHARDS BL
5/26/20,00:00:13,white,1 Moving,DREW AV
5/26/20,00:00:13,white,1 Moving,DREW AV
5/26/20,01:24:54,white,1 Moving,W 8TH ST
5/26/20,17:34:54,black/african american,2 Equipment,E COVELL BL
5/26/20,20:08:35,black/african american,2 Equipment,CHILES RD
5/26/20,16:59:33,white,2 Equipment,COWELL BL
5/26/20,02:52:26,black/african american,1 Moving,W 14TH ST
5/27/20,14:37:46,black/african american,2 Equipment,ALHAMBRA DR
5/27/20,23:38:44,white,3 Non-Moving,I 80 E
5/27/20,17:31:39,white,3 Non-Moving,ENSENADA DR
5/27/20,22:42:56,black/african american,2 Equipment,W COVELL BL
5/27/20,15:51:27,hispanic/latino(a),2 Equipment,COWELL BL
5/27/20,23:01:22,middle eastern or south asian,1 Moving,F ST
5/27/20,08:59:09,white,1 Moving,ANDERSON RD
5/27/20,19:05:19,middle eastern or south asian,1 Moving,2ND ST
5/27/20,14:17:56,white,1 Moving,1ST ST
5/27/20,21:40:52,black/african american,3 Non-Moving,
5/27/20,23:56:31,white,1 Moving,G ST
5/27/20,18:49:44,asian,1 Moving,CANTRILL DR
5/27/20,15:34:05,black/african american,3 Non-Moving,OLIVE DR
5/27/20,21:59:53,white,2 Equipment,CHILES RD
5/28/20,21:47:53,white,2 Equipment,I 80 W
5/28/20,22:28:34,black/african american,2 Equipment,MACE BL
5/28/20,22:53:31,asian,1 Moving,I 80 W
5/28/20,22:09:21,hispanic/latino(a),1 Moving,MACE BL
5/28/20,23:21:02,hispanic/latino(a),3 Non-Moving,W COVELL BL
5/28/20,21:59:52,black/african american,2 Equipment,CHILES RD
5/28/20,20:57:32,white,2 Equipment,B ST
5/28/20,05:59:45,white,1 Moving,W COVELL BL
5/28/20,21:39:47,hispanic/latino(a),2 Equipment,CHILES RD
5/28/20,23:26:10,middle eastern or south asian,1 Moving,RICHARDS BL
5/28/20,22:46:56,white,1 Moving,COWELL BL
5/29/20,02:12:17,black/african american,3 Non-Moving,RUSSELL BL
5/29/20,01:53:57,white,2 Equipment,CHILES RD
5/30/20,23:42:32,white,2 Equipment,CANTRILL DR
5/30/20,01:13:23,white,2 Equipment,L ST
5/30/20,23:02:59,hispanic/latino(a),1 Moving,W COVELL BL
5/30/20,02:16:51,hispanic/latino(a),2 Equipment,J ST
6/1/20,11:50:17,hispanic/latino(a),1 Moving,RICHARDS BL
6/1/20,09:47:52,white,1 Moving,RUSSELL BL
6/1/20,12:22:29,asian,1 Moving,1ST ST
6/1/20,19:30:32,hispanic/latino(a),3 Non-Moving,G ST
6/2/20,09:40:56,white,1 Moving,RICHARDS BL
6/2/20,09:12:02,white,1 Moving,OLIVE DR
6/2/20,08:47:13,white,1 Moving,RICHARDS BL
6/2/20,20:21:56,white,1 Moving,F ST
6/3/20,23:43:11,white,2 Equipment,CHILES RD
6/3/20,11:36:18,asian,1 Moving,E COVELL BL
6/3/20,09:57:17,hispanic/latino(a),1 Moving,E COVELL BL
6/3/20,12:35:20,white,1 Moving,VILLANOVA DR
6/3/20,15:21:20,hispanic/latino(a),1 Moving,MACE BL
6/3/20,12:13:18,white,1 Moving,POLE LINE RD
6/3/20,11:21:24,white,1 Moving,E COVELL BL
6/3/20,10:36:02,white,1 Moving,POLE LINE RD
6/4/20,11:27:31,white,1 Moving,ANDERSON RD
6/4/20,23:25:16,black/african american,2 Equipment,RICHARDS BL
6/4/20,21:29:35,black/african american,3 Non-Moving,MACE BL
6/4/20,23:12:22,white,2 Equipment,C ST
6/4/20,00:53:26,hispanic/latino(a),3 Non-Moving,RICHARDS BL
6/4/20,00:53:26,hispanic/latino(a),3 Non-Moving,RICHARDS BL
6/4/20,21:15:19,hispanic/latino(a),1 Moving,RICHARDS BL
6/4/20,22:28:28,white,2 Equipment,COWELL BL
6/4/20,03:37:13,black/african american,2 Equipment,MACE BL
6/5/20,20:49:43,white,2 Equipment,MACE BL
6/5/20,21:11:06,hispanic/latino(a),3 Non-Moving,W COVELL BL
6/5/20,03:20:07,white,1 Moving,SR113
6/5/20,20:20:04,asian,1 Moving,5TH ST
6/7/20,02:58:29,white,2 Equipment,5TH ST
6/7/20,02:58:29,mixed,2 Equipment,5TH ST
6/7/20,02:58:29,white,2 Equipment,5TH ST
6/8/20,10:08:54,white,1 Moving,E COVELL BL
6/8/20,09:55:51,hispanic/latino(a),1 Moving,E COVELL BL
6/8/20,10:29:25,hispanic/latino(a),1 Moving,MONARCH LN
6/8/20,15:46:00,white,1 Moving,RESEARCH PARK DR
6/8/20,12:39:32,white,1 Moving,VILLANOVA DR
6/8/20,09:04:50,hispanic/latino(a),1 Moving,E COVELL BL
6/9/20,23:41:32,hispanic/latino(a),2 Equipment,W OLIVE DR
6/9/20,00:04:27,hispanic/latino(a),2 Equipment,COWELL BL
6/11/20,23:24:02,hispanic/latino(a),2 Equipment,CHILES RD
6/12/20,04:22:42,black/african american,1 Moving,B ST
6/13/20,20:21:40,white,2 Equipment,LAKE BL
6/13/20,00:51:19,asian,1 Moving,5TH ST
6/13/20,05:31:44,hispanic/latino(a),1 Moving,E 8TH ST
6/13/20,01:20:54,asian,2 Equipment,F ST
6/14/20,11:39:24,white,1 Moving,W COVELL BL
6/14/20,15:20:14,white,1 Moving,5TH ST
6/14/20,22:06:35,white,1 Moving,W COVELL BL
6/14/20,03:56:54,hispanic/latino(a),3 Non-Moving,RICHARDS BL
6/15/20,22:01:51,asian,1 Moving,1ST ST
6/15/20,05:58:54,white,1 Moving,I 80 W
6/15/20,11:36:45,hispanic/latino(a),1 Moving,LOYOLA DR
6/15/20,04:14:27,black/african american,1 Moving,I 80 E
6/15/20,15:31:52,white,1 Moving,CHILES RD
6/16/20,16:48:54,hispanic/latino(a),1 Moving,MONARCH LN
6/16/20,08:15:12,asian,1 Moving,E COVELL BL
6/16/20,16:58:49,white,1 Moving,ANDERSON RD
6/16/20,16:17:53,asian,1 Moving,E COVELL BL
6/16/20,08:35:28,hispanic/latino(a),1 Moving,E COVELL BL
6/16/20,08:59:40,middle eastern or south asian,1 Moving,E COVELL BL
6/16/20,16:31:58,white,1 Moving,E COVELL BL
6/16/20,18:30:34,hispanic/latino(a),1 Moving,2ND ST
6/17/20,02:06:50,black/african american,1 Moving,MACE BL
6/17/20,00:17:49,asian,3 Non-Moving,5TH ST
6/17/20,01:48:27,white,2 Equipment,5TH ST
6/17/20,13:59:17,hispanic/latino(a),1 Moving,CABOT ST
6/17/20,00:35:28,black/african american,3 Non-Moving,FERMI PL
6/17/20,13:59:17,hispanic/latino(a),1 Moving,CABOT ST
6/17/20,00:58:45,white,2 Equipment,MACE BL
6/17/20,00:58:45,hispanic/latino(a),2 Equipment,MACE BL
6/18/20,23:49:41,white,3 Non-Moving,COWELL BL
6/21/20,05:47:54,hispanic/latino(a),1 Moving,I 80 E
6/21/20,22:57:17,hispanic/latino(a),1 Moving,SHASTA DR
6/21/20,21:56:56,middle eastern or south asian,1 Moving,MACE BL
6/22/20,02:34:13,white,2 Equipment,SYCAMORE LN
6/25/20,23:01:26,white,1 Moving,B ST
6/26/20,23:29:03,white,2 Equipment,2ND ST
6/27/20,02:00:13,white,3 Non-Moving,RICHARDS BL
6/27/20,05:31:31,white,1 Moving,I 80 W
6/27/20,22:10:24,asian,1 Moving,COWELL BL
6/27/20,06:03:48,mixed,1 Moving,J ST
6/27/20,21:21:41,hispanic/latino(a),1 Moving,2ND ST
6/28/20,20:04:05,white,1 Moving,RICHARDS BL
6/28/20,02:15:43,middle eastern or south asian,3 Non-Moving,RICHARDS BL
6/28/20,02:21:02,black/african american,2 Equipment,CHILES RD
6/28/20,05:51:58,black/african american,1 Moving,I 80 W
6/28/20,20:47:27,hispanic/latino(a),1 Moving,5TH ST
6/29/20,02:55:06,asian,1 Moving,RICHARDS BL
6/29/20,05:45:36,white,1 Moving,CHILES RD
6/29/20,06:00:22,mixed,1 Moving,COWELL BL
6/30/20,17:49:52,hispanic/latino(a),1 Moving,POLE LINE RD
6/30/20,18:18:48,white,3 Non-Moving,RUSSELL BL
6/30/20,18:19:03,white,3 Non-Moving,COWELL BL
6/30/20,21:04:53,hispanic/latino(a),2 Equipment,CHILES RD
6/30/20,21:49:00,asian,1 Moving,A ST
7/2/20,23:36:16,hispanic/latino(a),2 Equipment,F ST
7/2/20,18:19:53,white,2 Equipment,ALHAMBRA DR
7/3/20,00:01:43,hispanic/latino(a),3 Non-Moving,I 80 E
7/3/20,22:10:00,white,1 Moving,J ST
7/4/20,23:49:18,asian,1 Moving,E COVELL BL
7/4/20,23:03:29,hispanic/latino(a),1 Moving,W COVELL BL
7/4/20,05:22:57,hispanic/latino(a),1 Moving,5TH ST
7/5/20,01:16:19,white,1 Moving,W COVELL BL
7/5/20,06:12:58,middle eastern or south asian,1 Moving,MACE BL
7/5/20,06:19:15,asian,1 Moving,CHILES RD
7/5/20,23:02:40,black/african american,1 Moving,RESEARCH PARK DR
7/5/20,22:31:16,mixed,1 Moving,MACE BL
7/5/20,22:48:52,asian,1 Moving,E COVELL BL
7/6/20,05:50:07,hispanic/latino(a),1 Moving,E COVELL BL
7/6/20,05:56:44,white,1 Moving,E COVELL BL
7/6/20,23:59:52,white,3 Non-Moving,COWELL BL
7/6/20,05:39:46,white,1 Moving,MACE BL
7/6/20,06:10:32,black/african american,1 Moving,E COVELL BL
7/7/20,22:43:15,white,1 Moving,COWELL BL
7/7/20,20:52:41,white,2 Equipment,HAMEL ST
7/7/20,00:50:34,asian,2 Equipment,5TH ST
7/7/20,01:04:18,hispanic/latino(a),1 Moving,I 80 E
7/11/20,20:51:22,white,1 Moving,W COVELL BL
7/11/20,22:34:52,black/african american,1 Moving,MACE BL
7/11/20,04:45:04,white,1 Moving,OLD DAVIS RD
7/11/20,22:55:28,hispanic/latino(a),1 Moving,POLE LINE RD
7/12/20,20:48:43,hispanic/latino(a),1 Moving,RICHARDS BL
7/12/20,06:23:04,hispanic/latino(a),1 Moving,I 80 E
7/12/20,23:24:52,black/african american,1 Moving,DENALI DR
7/12/20,20:39:31,hispanic/latino(a),1 Moving,HWY 113 S
7/12/20,23:18:52,hispanic/latino(a),3 Non-Moving,COWELL BL
7/12/20,05:53:57,middle eastern or south asian,1 Moving,I 80 E
7/13/20,01:02:20,asian,1 Moving,1ST ST
7/14/20,15:35:29,hispanic/latino(a),1 Moving,EL CEMONTE AV
7/14/20,15:12:40,white,1 Moving,LA VIDA WY
7/14/20,15:57:26,mixed,1 Moving,MACE BL
7/15/20,21:32:02,hispanic/latino(a),2 Equipment,2ND ST
7/16/20,16:31:28,hispanic/latino(a),3 Non-Moving,CHILES RD
7/16/20,08:24:28,black/african american,1 Moving,5TH ST
7/16/20,21:27:21,white,2 Equipment,2ND ST
7/16/20,21:17:42,white,1 Moving,MACE BL
7/17/20,04:52:24,white,1 Moving,J ST
7/19/20,21:55:31,hispanic/latino(a),1 Moving,E COVELL BL
7/19/20,02:58:47,hispanic/latino(a),1 Moving,RUSSELL BL
7/19/20,06:21:46,hispanic/latino(a),1 Moving,I 80 E
7/19/20,21:34:31,asian,3 Non-Moving,RUSSELL BL
7/19/20,21:40:35,asian,1 Moving,RUSSELL BL
7/19/20,23:38:10,hispanic/latino(a),1 Moving,JOHN JONES RD
7/19/20,06:47:52,middle eastern or south asian,1 Moving,I 80 E
7/19/20,00:48:35,white,3 Non-Moving,MACE BL
7/19/20,22:18:06,hispanic/latino(a),1 Moving,MACE BL
7/19/20,22:52:30,white,1 Moving,COWELL BL
7/20/20,05:57:44,hispanic/latino(a),1 Moving,E COVELL BL
7/20/20,06:19:12,mixed,1 Moving,I 80 E
7/20/20,00:39:11,white,3 Non-Moving,CLAREMONT DR
7/20/20,01:35:34,white,1 Moving,RICHARDS BL
7/20/20,01:44:40,middle eastern or south asian,2 Equipment,I 80 W
7/20/20,05:24:13,white,2 Equipment,MACE BL
7/20/20,00:58:20,white,1 Moving,5TH ST
7/20/20,18:27:57,hispanic/latino(a),1 Moving,J ST
7/21/20,19:20:23,middle eastern or south asian,1 Moving,POLE LINE RD
7/23/20,03:38:48,white,1 Moving,HWY 113 N
7/24/20,12:41:49,white,1 Moving,H ST
7/25/20,22:34:50,mixed,2 Equipment,COWELL BL
7/25/20,01:03:02,middle eastern or south asian,1 Moving,ARLINGTON BL
7/25/20,13:34:16,asian,1 Moving,RUSSELL BL
7/26/20,05:44:20,white,1 Moving,I 80 E
7/26/20,02:19:44,white,1 Moving,MACE BL
7/26/20,22:56:46,hispanic/latino(a),1 Moving,L ST
7/26/20,06:16:01,hispanic/latino(a),1 Moving,I 80 E
7/29/20,22:37:51,white,1 Moving,LAKE BL
7/29/20,22:47:19,mixed,1 Moving,CR102
7/30/20,00:04:51,asian,1 Moving,F ST
7/30/20,11:05:01,black/african american,3 Non-Moving,ARLINGTON BL
7/30/20,11:05:01,white,3 Non-Moving,ARLINGTON BL
7/31/20,23:24:08,black/african american,1 Moving,COWELL BL
7/31/20,00:46:10,asian,1 Moving,POLE LINE RD
8/1/20,21:05:16,black/african american,1 Moving,W COVELL BL
8/2/20,17:26:10,asian,1 Moving,5TH ST
8/2/20,23:39:00,white,2 Equipment,SYCAMORE LN
8/2/20,02:27:23,hispanic/latino(a),1 Moving,W COVELL BL
8/2/20,22:42:51,mixed,1 Moving,MACE BL
8/3/20,00:05:29,white,1 Moving,W COVELL BL
8/4/20,03:00:51,hispanic/latino(a),1 Moving,5TH ST
8/5/20,03:09:05,hispanic/latino(a),2 Equipment,POLE LINE RD
8/5/20,03:46:29,white,2 Equipment,COWELL BL
8/5/20,00:43:13,white,2 Equipment,SYCAMORE LN
8/5/20,00:09:57,white,2 Equipment,RUSSELL BL
8/6/20,00:48:23,white,1 Moving,OAK AV
8/6/20,01:44:25,hispanic/latino(a),2 Equipment,CHILES RD
8/6/20,01:22:34,hispanic/latino(a),2 Equipment,5TH ST
8/6/20,23:47:46,white,1 Moving,CHILES RD
8/6/20,02:17:59,hispanic/latino(a),2 Equipment,ALVARADO AV
8/7/20,23:03:28,white,1 Moving,5TH ST
8/8/20,10:47:12,black/african american,2 Equipment,2ND ST
8/9/20,21:13:16,hispanic/latino(a),1 Moving,ANDERSON RD
8/9/20,22:43:12,black/african american,1 Moving,W COVELL BL
8/9/20,02:33:07,hispanic/latino(a),1 Moving,B ST
8/10/20,21:08:56,white,3 Non-Moving,POLE LINE RD
8/10/20,02:57:59,hispanic/latino(a),1 Moving,E COVELL BL
8/10/20,23:57:33,hispanic/latino(a),3 Non-Moving,5TH ST
8/12/20,18:33:25,white,2 Equipment,5TH ST
8/12/20,21:57:24,middle eastern or south asian,1 Moving,I 80 W
8/12/20,17:04:42,black/african american,2 Equipment,CHILES RD
8/13/20,04:34:18,white,2 Equipment,CR99
8/15/20,17:55:39,mixed,1 Moving,E COVELL BL
8/15/20,14:04:58,white,1 Moving,MACE BL
8/15/20,03:26:41,asian,1 Moving,CHILES RD
8/16/20,07:32:00,asian,1 Moving,SYCAMORE LN
8/16/20,22:47:22,black/african american,1 Moving,COWELL BL
8/16/20,21:27:09,white,1 Moving,W COVELL BL
8/16/20,02:37:07,black/african american,2 Equipment,W COVELL BL
8/17/20,00:42:10,hispanic/latino(a),2 Equipment,5TH ST
8/22/20,14:51:33,mixed,1 Moving,COWELL BL
8/22/20,20:48:03,hispanic/latino(a),1 Moving,E ST
8/23/20,04:13:13,middle eastern or south asian,1 Moving,POLE LINE RD
8/23/20,22:05:20,white,1 Moving,COWELL BL
8/23/20,06:27:56,white,3 Non-Moving,RICHARDS BL
8/23/20,00:49:51,white,1 Moving,MACE BL
8/23/20,06:27:56,hispanic/latino(a),3 Non-Moving,RICHARDS BL
8/23/20,22:40:57,white,1 Moving,2ND ST
8/23/20,23:08:47,hispanic/latino(a),1 Moving,I 80 E
8/24/20,05:50:22,middle eastern or south asian,1 Moving,E COVELL BL
8/24/20,22:03:25,black/african american,2 Equipment,LILLARD DR
8/24/20,00:36:24,white,1 Moving,MACE BL
8/24/20,05:57:42,white,1 Moving,MACE BL
8/24/20,06:13:41,middle eastern or south asian,1 Moving,E COVELL BL
8/25/20,12:57:52,white,3 Non-Moving,5TH ST
8/26/20,02:28:58,black/african american,2 Equipment,COWELL BL
8/26/20,23:58:28,white,1 Moving,CHILES RD
8/29/20,20:34:34,hispanic/latino(a),2 Equipment,COWELL BL
8/30/20,01:07:20,black/african american,1 Moving,I 80 E
8/30/20,23:03:02,white,1 Moving,POLE LINE RD
8/31/20,05:09:21,white,1 Moving,RICHARDS BL
9/2/20,04:24:42,white,3 Non-Moving,CHILES RD
9/2/20,04:14:40,hispanic/latino(a),2 Equipment,CHILES RD
9/3/20,04:58:21,white,1 Moving,POLE LINE RD
9/3/20,04:48:51,hispanic/latino(a),1 Moving,POLE LINE RD
9/3/20,04:52:58,white,1 Moving,POLE LINE RD
9/3/20,05:37:30,white,2 Equipment,2ND ST
9/3/20,04:50:50,white,2 Equipment,MACE BL
9/4/20,04:36:08,mixed,2 Equipment,MACE BL
9/6/20,23:00:21,middle eastern or south asian,1 Moving,ANDERSON RD
9/6/20,01:18:12,white,1 Moving,W 8TH ST
9/6/20,22:34:40,asian,1 Moving,E COVELL BL
9/7/20,00:00:00,hispanic/latino(a),1 Moving,LA VIDA WY
9/7/20,10:15:01,asian,1 Moving,COWELL BL
9/9/20,02:24:10,white,1 Moving,5TH ST
9/10/20,21:35:50,white,3 Non-Moving,I 80 E
9/10/20,01:35:40,mixed,1 Moving,DREW AV
9/13/20,19:59:09,white,1 Moving,POLE LINE RD
9/13/20,03:28:15,white,1 Moving,W COVELL BL
9/14/20,21:41:39,white,1 Moving,2ND ST
9/14/20,21:41:39,white,1 Moving,2ND ST
9/15/20,22:49:19,white,2 Equipment,2ND ST
9/15/20,22:17:26,white,3 Non-Moving,CHILES RD
9/15/20,04:12:17,asian,1 Moving,E ST
9/16/20,21:53:08,black/african american,2 Equipment,CHILES RD
9/16/20,02:27:18,hispanic/latino(a),2 Equipment,CHILES RD
9/17/20,15:21:36,white,1 Moving,5TH ST
9/17/20,04:07:53,white,1 Moving,MOORE BL
9/17/20,04:22:08,white,1 Moving,POLE LINE RD
9/18/20,22:15:53,white,1 Moving,4TH ST
9/19/20,15:28:58,white,1 Moving,SYCAMORE LN
9/19/20,21:14:49,asian,1 Moving,4TH ST
9/19/20,23:02:52,hispanic/latino(a),2 Equipment,COWELL BL
9/19/20,14:33:49,black/african american,3 Non-Moving,ALHAMBRA DR
9/19/20,22:23:47,white,1 Moving,E COVELL BL
9/20/20,03:22:05,white,1 Moving,E COVELL BL
9/20/20,09:39:48,white,1 Moving,SYCAMORE LN
9/20/20,02:45:45,black/african american,1 Moving,I 80 W
9/20/20,21:51:55,asian,2 Equipment,POLE LINE RD
9/21/20,19:29:16,white,2 Equipment,COWELL BL
9/21/20,20:39:32,white,2 Equipment,2ND ST
9/21/20,20:49:59,white,2 Equipment,CHILES RD
9/21/20,19:51:52,white,2 Equipment,I 80 W
9/21/20,03:48:56,white,3 Non-Moving,W COVELL BL
9/21/20,00:47:08,asian,1 Moving,W COVELL BL
9/22/20,01:04:35,asian,3 Non-Moving,L ST
9/23/20,03:56:58,white,2 Equipment,MACE BL
9/23/20,00:26:17,mixed,2 Equipment,CHILES RD
9/23/20,00:26:17,mixed,2 Equipment,CHILES RD
9/25/20,20:45:29,mixed,1 Moving,ANDERSON RD
9/25/20,22:29:48,white,1 Moving,W COVELL BL
9/25/20,02:48:26,white,2 Equipment,DRUMMOND AV
9/25/20,02:48:26,white,2 Equipment,DRUMMOND AV
9/25/20,23:32:40,hispanic/latino(a),1 Moving,W COVELL BL
9/26/20,23:11:28,hispanic/latino(a),2 Equipment,E COVELL BL
9/26/20,23:24:48,white,1 Moving,W COVELL BL
9/26/20,02:20:28,middle eastern or south asian,1 Moving,MACE BL
9/26/20,23:30:13,white,1 Moving,F ST
9/26/20,23:51:47,black/african american,1 Moving,MACE BL
9/26/20,01:26:13,hispanic/latino(a),1 Moving,MACE BL
9/27/20,22:43:04,hispanic/latino(a),1 Moving,W COVELL BL
9/27/20,20:58:15,hispanic/latino(a),1 Moving,MACE BL
9/27/20,02:13:43,black/african american,1 Moving,MACE BL
9/27/20,01:00:33,middle eastern or south asian,1 Moving,F ST
9/27/20,22:54:23,middle eastern or south asian,2 Equipment,ANDERSON RD
9/27/20,03:05:48,hispanic/latino(a),2 Equipment,1ST ST
9/27/20,00:05:17,black/african american,1 Moving,E COVELL BL
9/27/20,00:36:49,hispanic/latino(a),1 Moving,W OLIVE DR
9/28/20,03:59:50,hispanic/latino(a),1 Moving,5TH ST
9/28/20,01:19:01,asian,1 Moving,LAKE BL
9/29/20,00:53:20,mixed,1 Moving,F ST
9/30/20,11:25:38,asian,1 Moving,RUSSELL BL
10/1/20,19:18:29,hispanic/latino(a),1 Moving,COWELL BL
10/1/20,00:41:27,hispanic/latino(a),1 Moving,E 8TH ST
10/2/20,21:45:57,black/african american,1 Moving,5TH ST
10/3/20,20:45:36,white,3 Non-Moving,E 8TH ST
10/3/20,21:09:24,asian,1 Moving,RICHARDS BL
10/3/20,22:57:01,white,1 Moving,RUSSELL BL
10/3/20,21:15:19,hispanic/latino(a),2 Equipment,1ST ST
10/3/20,01:19:06,white,1 Moving,ALBANY AV
10/3/20,01:40:36,asian,3 Non-Moving,RUSSELL BL
10/3/20,00:45:17,white,1 Moving,E COVELL BL
10/3/20,05:27:19,mixed,1 Moving,I 80 W
10/4/20,23:13:18,white,1 Moving,W 8TH ST
10/4/20,23:51:47,white,1 Moving,E COVELL BL
10/4/20,21:43:38,white,1 Moving,2ND ST
10/4/20,22:45:31,white,1 Moving,E COVELL BL
10/4/20,22:58:18,middle eastern or south asian,1 Moving,E COVELL BL
10/4/20,04:45:05,native american,1 Moving,EL CEMONTE AV
10/5/20,02:43:53,middle eastern or south asian,1 Moving,I 80 E
10/6/20,01:52:53,hispanic/latino(a),3 Non-Moving,ANDERSON RD
10/6/20,23:10:40,black/african american,2 Equipment,CHILES RD
10/6/20,22:59:53,hispanic/latino(a),2 Equipment,COWELL BL
10/8/20,10:25:55,asian,1 Moving,RUSSELL BL
10/8/20,15:24:14,white,1 Moving,2ND ST
10/8/20,22:43:32,white,1 Moving,F ST
10/9/20,12:49:26,asian,1 Moving,MACE BL
10/9/20,21:47:55,black/african american,1 Moving,ALVARADO AV
10/9/20,21:13:07,hispanic/latino(a),1 Moving,ALVARADO AV
10/10/20,05:21:05,white,3 Non-Moving,W COVELL BL
10/10/20,20:56:29,hispanic/latino(a),1 Moving,L ST
10/10/20,01:58:34,hispanic/latino(a),1 Moving,ANDERSON RD
10/12/20,20:31:36,white,1 Moving,I 80 W
10/13/20,19:07:32,mixed,3 Non-Moving,E 8TH ST
10/16/20,20:30:36,white,1 Moving,E ST
10/16/20,19:51:08,white,1 Moving,MONTGOMERY AV
10/17/20,20:27:35,asian,1 Moving,E ST
10/17/20,12:03:32,white,1 Moving,SYCAMORE LN
10/17/20,06:02:12,asian,1 Moving,I 80 E
10/17/20,23:23:46,asian,2 Equipment,L ST
10/18/20,06:18:07,black/african american,1 Moving,CHILES RD
10/18/20,21:35:34,black/african american,1 Moving,CHILES RD
10/18/20,01:16:32,middle eastern or south asian,1 Moving,E COVELL BL
10/18/20,04:30:46,black/african american,1 Moving,MACE BL
10/18/20,15:05:11,asian,1 Moving,ALHAMBRA DR
10/19/20,00:29:14,hispanic/latino(a),2 Equipment,WEBSTERS INTERCHANGE
10/19/20,02:04:01,middle eastern or south asian,1 Moving,ARLINGTON BL
10/19/20,06:11:31,white,1 Moving,MACE BL
10/19/20,23:43:38,asian,2 Equipment,CHILES RD
10/19/20,22:34:22,white,2 Equipment,CHILES RD
10/19/20,00:29:14,black/african american,2 Equipment,WEBSTERS INTERCHANGE
10/20/20,01:09:06,white,2 Equipment,MACE BL
10/20/20,23:10:13,mixed,2 Equipment,5TH ST
10/20/20,01:09:06,hispanic/latino(a),2 Equipment,MACE BL
10/21/20,13:21:26,middle eastern or south asian,1 Moving,3RD ST
10/21/20,09:21:03,black/african american,1 Moving,F ST
10/21/20,13:47:42,white,2 Equipment,PENA DR
10/21/20,02:28:07,white,1 Moving,I 80 W
10/21/20,02:28:07,mixed,1 Moving,I 80 W
10/21/20,19:06:40,black/african american,3 Non-Moving,CHILES RD
10/22/20,22:27:24,mixed,1 Moving,CHILES RD
10/23/20,21:05:39,hispanic/latino(a),1 Moving,ANDERSON RD
10/23/20,00:41:33,middle eastern or south asian,1 Moving,I 80 E
10/23/20,23:50:18,hispanic/latino(a),1 Moving,ALVARADO AV
10/23/20,15:48:41,hispanic/latino(a),1 Moving,E COVELL BL
10/23/20,10:36:31,white,1 Moving,I 80 E
10/23/20,00:41:33,asian,1 Moving,I 80 E
10/24/20,03:44:26,middle eastern or south asian,1 Moving,W 8TH ST
10/24/20,13:13:32,middle eastern or south asian,1 Moving,2ND ST
10/24/20,05:48:24,black/african american,1 Moving,CHILES RD
10/24/20,09:46:25,white,1 Moving,RUSSELL BL
10/24/20,05:37:06,white,1 Moving,I 80 E
10/24/20,06:22:25,white,1 Moving,CR32B
10/25/20,06:43:37,hispanic/latino(a),1 Moving,I 80 E
10/25/20,21:16:32,white,1 Moving,E COVELL BL
10/25/20,11:54:16,hispanic/latino(a),1 Moving,RUSSELL BL
10/25/20,01:19:35,hispanic/latino(a),1 Moving,E COVELL BL
10/25/20,22:20:06,white,1 Moving,I 80 E
10/25/20,02:29:06,white,1 Moving,ALHAMBRA DR
10/26/20,01:37:59,middle eastern or south asian,1 Moving,I 80 E
10/27/20,22:22:14,white,2 Equipment,F ST
10/27/20,23:39:12,mixed,1 Moving,COWELL BL
10/28/20,02:32:51,mixed,2 Equipment,RESEARCH PARK DR
10/28/20,01:35:02,hispanic/latino(a),2 Equipment,1ST ST
10/28/20,23:12:24,white,2 Equipment,COWELL BL
10/28/20,23:12:24,black/african american,2 Equipment,COWELL BL
10/28/20,22:54:56,mixed,2 Equipment,CHILES RD
10/29/20,00:10:27,mixed,2 Equipment,COWELL BL
10/29/20,22:49:20,mixed,2 Equipment,COWELL BL
10/29/20,01:02:41,mixed,1 Moving,LILLARD DR
10/30/20,20:51:24,middle eastern or south asian,1 Moving,RUSSELL BL
10/31/20,20:15:09,white,1 Moving,PARKWAY CIR
10/31/20,22:22:52,black/african american,2 Equipment,5TH ST
10/31/20,02:25:55,white,3 Non-Moving,COWELL BL
10/31/20,01:15:49,hispanic/latino(a),2 Equipment,CHILES RD
10/31/20,18:30:17,middle eastern or south asian,1 Moving,J ST
10/31/20,01:25:21,white,1 Moving,W COVELL BL
10/31/20,02:25:55,white,3 Non-Moving,COWELL BL
11/1/20,22:12:43,white,1 Moving,5TH ST
11/1/20,22:31:11,hispanic/latino(a),1 Moving,RUSSELL BL
11/1/20,20:23:00,white,1 Moving,F ST
11/1/20,21:49:35,white,1 Moving,ADAMS ST
11/1/20,21:32:46,middle eastern or south asian,1 Moving,W COVELL BL
11/1/20,01:50:28,middle eastern or south asian,1 Moving,3RD ST
11/1/20,02:47:44,hispanic/latino(a),2 Equipment,E COVELL BL
11/1/20,00:00:51,white,2 Equipment,G ST
11/2/20,04:11:45,hispanic/latino(a),1 Moving,MACE BL
11/6/20,01:51:46,white,2 Equipment,RICHARDS BL
11/6/20,23:30:23,hispanic/latino(a),1 Moving,W COVELL BL
11/7/20,23:14:12,white,1 Moving,F ST
11/7/20,19:52:10,white,1 Moving,SYCAMORE LN
11/7/20,04:57:37,hispanic/latino(a),1 Moving,RUSSELL BL
11/7/20,22:53:47,white,1 Moving,5TH ST
11/7/20,23:43:17,white,1 Moving,W COVELL BL
11/7/20,20:07:23,middle eastern or south asian,1 Moving,RUSSELL BL
11/7/20,20:16:37,asian,1 Moving,COWELL BL
11/7/20,13:01:33,white,1 Moving,5TH ST
11/7/20,23:58:13,asian,1 Moving,F ST
11/8/20,21:13:35,white,2 Equipment,SHASTA DR
11/8/20,20:36:00,white,1 Moving,5TH ST
11/9/20,05:56:58,hispanic/latino(a),1 Moving,MACE BL
11/9/20,06:08:09,hispanic/latino(a),1 Moving,MACE BL
11/9/20,04:10:57,hispanic/latino(a),1 Moving,E COVELL BL
11/9/20,06:13:59,hispanic/latino(a),1 Moving,E COVELL BL
11/9/20,00:59:34,hispanic/latino(a),1 Moving,I 80 E
11/10/20,23:10:40,white,2 Equipment,COWELL BL
11/13/20,20:39:48,white,1 Moving,ARLINGTON BL
11/13/20,23:02:43,white,1 Moving,NORTHFIELD CT
11/14/20,01:14:40,white,2 Equipment,2ND ST
11/14/20,02:27:18,mixed,2 Equipment,OXFORD CI
11/14/20,02:43:24,white,2 Equipment,SUNSET CT
11/14/20,00:06:40,white,1 Moving,RICHARDS BL
11/14/20,22:43:04,white,2 Equipment,COWELL BL
11/14/20,01:23:47,hispanic/latino(a),2 Equipment,5TH ST
11/14/20,23:05:26,white,2 Equipment,2ND ST
11/14/20,22:30:01,black/african american,1 Moving,W COVELL BL
11/14/20,21:02:40,white,1 Moving,HANOVER DR
11/14/20,01:51:00,white,1 Moving,ORCHARD PARK DR
11/14/20,01:23:47,hispanic/latino(a),2 Equipment,5TH ST
11/14/20,05:33:00,white,1 Moving,L ST
11/14/20,00:39:45,hispanic/latino(a),2 Equipment,CHILES RD
11/14/20,20:52:11,white,2 Equipment,MACE BL
11/15/20,00:30:10,hispanic/latino(a),1 Moving,W COVELL BL
11/15/20,22:06:42,hispanic/latino(a),1 Moving,ANDERSON RD
11/15/20,20:33:00,mixed,2 Equipment,5TH ST
11/15/20,21:23:16,hispanic/latino(a),1 Moving,MARINA CI
11/16/20,00:27:46,white,2 Equipment,LYNDELL TR
11/16/20,22:27:58,asian,1 Moving,RUSSELL BL
11/17/20,00:56:42,white,2 Equipment,RUSSELL BL
11/19/20,22:21:04,white,1 Moving,W COVELL BL
11/21/20,18:32:59,hispanic/latino(a),3 Non-Moving,5TH ST
11/21/20,18:32:59,hispanic/latino(a),1 Moving,5TH ST
11/22/20,20:55:40,white,2 Equipment,E 8TH ST
11/24/20,18:24:40,white,1 Moving,2ND ST
11/26/20,05:17:31,white,2 Equipment,W OLIVE DR
11/26/20,16:24:32,white,1 Moving,CANTRILL DR
11/29/20,23:03:10,asian,1 Moving,POLE LINE RD
11/30/20,03:24:42,white,3 Non-Moving,COWELL BL
11/30/20,02:00:14,white,1 Moving,E 8TH ST
12/1/20,04:14:36,mixed,2 Equipment,5TH ST
12/1/20,06:08:40,hispanic/latino(a),1 Moving,RESEARCH PARK DR
12/1/20,06:02:46,white,1 Moving,RICHARDS BL
12/2/20,06:00:01,white,1 Moving,2ND ST
12/2/20,06:12:46,white,1 Moving,2ND ST
12/4/20,02:59:15,white,2 Equipment,F ST
12/4/20,02:59:15,hispanic/latino(a),2 Equipment,F ST
12/5/20,23:40:14,white,1 Moving,ANDERSON RD
12/5/20,00:28:01,hispanic/latino(a),1 Moving,F ST
12/5/20,03:44:00,asian,1 Moving,J ST
12/6/20,02:00:50,asian,1 Moving,A ST
12/6/20,21:07:52,hispanic/latino(a),1 Moving,POLE LINE RD
12/6/20,03:45:31,white,1 Moving,POLE LINE RD
12/6/20,01:28:51,white,1 Moving,E COVELL BL
12/7/20,00:39:47,white,2 Equipment,E COVELL BL
12/10/20,23:41:45,white,1 Moving,MACE BL
12/11/20,21:54:40,black/african american,1 Moving,B ST
12/12/20,22:00:46,middle eastern or south asian,1 Moving,2ND ST
12/12/20,20:02:11,white,1 Moving,UNIVERSITY AV
12/12/20,01:42:19,white,1 Moving,2ND ST
12/12/20,04:22:07,white,1 Moving,I 80 E
12/13/20,21:36:13,hispanic/latino(a),3 Non-Moving,E COVELL BL
12/14/20,10:41:00,asian,1 Moving,5TH ST
12/14/20,09:22:16,asian,1 Moving,5TH ST
12/15/20,09:30:16,hispanic/latino(a),3 Non-Moving,COLBY DR
12/15/20,21:56:14,hispanic/latino(a),2 Equipment,2ND ST
12/15/20,00:14:34,white,2 Equipment,J ST
12/15/20,15:45:00,white,1 Moving,E COVELL BL
12/15/20,15:57:01,white,2 Equipment,W COVELL BL
12/16/20,10:21:27,hispanic/latino(a),3 Non-Moving,W COVELL BL
12/16/20,10:25:17,white,1 Moving,E COVELL BL
12/16/20,07:40:13,white,1 Moving,MACE BL
12/16/20,15:09:55,white,1 Moving,F ST
12/16/20,09:42:45,hispanic/latino(a),1 Moving,MACE BL
12/16/20,10:27:22,white,1 Moving,MARKET AV
12/17/20,12:40:43,white,1 Moving,E COVELL BL
12/17/20,08:53:31,white,2 Equipment,L ST
12/17/20,03:44:54,white,1 Moving,E ST
12/17/20,11:39:22,white,1 Moving,B ST
12/17/20,08:27:23,white,1 Moving,L ST
12/17/20,10:05:43,asian,1 Moving,ANDERSON RD
12/17/20,10:53:46,white,2 Equipment,SHASTA DR
12/17/20,14:35:02,white,1 Moving,POLE LINE RD
12/17/20,02:30:04,mixed,2 Equipment,F ST
12/18/20,03:07:40,mixed,1 Moving,2ND ST
12/18/20,10:08:03,white,1 Moving,POLE LINE RD
12/18/20,03:07:40,white,1 Moving,2ND ST
12/19/20,22:25:39,white,1 Moving,E 8TH ST
12/20/20,21:59:21,asian,2 Equipment,E COVELL BL
12/20/20,23:07:20,white,2 Equipment,MACE BL
12/20/20,22:06:36,hispanic/latino(a),2 Equipment,POLE LINE RD
12/20/20,22:12:07,white,2 Equipment,E COVELL BL
12/20/20,23:02:23,white,2 Equipment,2ND ST
12/20/20,21:48:34,white,2 Equipment,ALHAMBRA DR
12/21/20,19:54:04,white,1 Moving,CHILES RD
12/22/20,00:54:14,white,1 Moving,2ND ST
12/23/20,17:52:58,white,1 Moving,COWELL BL
12/24/20,05:53:34,asian,1 Moving,E ST
12/28/20,12:25:58,white,2 Equipment,COWELL BL
12/28/20,11:15:17,asian,1 Moving,MACE BL
12/29/20,10:57:30,white,1 Moving,2ND ST
12/29/20,08:13:50,asian,1 Moving,MACE BL
12/29/20,19:18:04,white,1 Moving,COWELL BL
12/29/20,07:41:15,white,1 Moving,MACE BL
12/29/20,17:48:23,white,1 Moving,CHILES RD
12/29/20,11:45:09,asian,1 Moving,MACE BL
12/29/20,07:55:46,white,1 Moving,E COVELL BL
12/30/20,15:20:08,white,1 Moving,POLE LINE RD
12/30/20,07:44:33,white,1 Moving,2ND ST
12/30/20,09:22:34,middle eastern or south asian,1 Moving,ARTHUR ST
12/30/20,08:53:46,white,1 Moving,F ST
12/30/20,11:05:01,black/african american,1 Moving,4TH ST
12/30/20,11:33:42,hispanic/latino(a),1 Moving,E 8TH ST
12/31/20,13:33:08,white,1 Moving,ARTHUR ST
12/31/20,13:47:03,white,2 Equipment,ELMWOOD DR
12/31/20,01:38:49,white,1 Moving,3RD ST
12/31/20,07:53:54,hispanic/latino(a),1 Moving,W COVELL BL
12/31/20,14:02:42,white,1 Moving,W COVELL BL
12/31/20,08:58:44,black/african american,1 Moving,W COVELL BL
12/31/20,13:47:03,hispanic/latino(a),2 Equipment,ELMWOOD DR
12/31/20,13:47:51,white,1 Moving,ARTHUR ST
12/31/20,10:02:59,middle eastern or south asian,1 Moving,COWELL BL
12/31/20,09:10:02,black/african american,1 Moving,W COVELL BL
12/31/20,08:05:58,white,1 Moving,W COVELL BL
